,08/09/2020,08/16/2020,08/23/2020,08/30/2020,09/06/2020,09/13/2020,09/20/2020,09/27/2020,10/04/2020,10/11/2020,10/18/2020,10/25/2020,11/01/2020,11/08/2020,11/15/2020,11/22/2020,11/29/2020,12/06/2020,12/13/2020,12/20/2020,12/27/2020,01/03/2021,01/10/2021,01/17/2021,01/24/2021,01/31/2021,02/07/2021,02/14/2021,02/21/2021,02/28/2021,03/07/2021,03/14/2021,03/21/2021,03/28/2021,04/04/2021,04/11/2021,04/18/2021,04/25/2021,05/02/2021,05/09/2021,05/16/2021,05/23/2021,05/30/2021,06/06/2021,06/13/2021,06/20/2021,06/27/2021,07/04/2021,07/11/2021,07/18/2021,07/25/2021,08/01/2021,08/08/2021,08/15/2021,08/22/2021,08/29/2021,09/05/2021,09/12/2021,09/19/2021,09/26/2021,10/03/2021,10/10/2021,10/17/2021,10/24/2021,10/31/2021,11/07/2021,11/14/2021,11/21/2021,11/28/2021,12/05/2021,12/12/2021,12/19/2021,12/26/2021,01/02/2222
transactions_13th_and_7th_ave,0,0,0,0,0,0,0,0,0,0,0,0,0,0,0,0,0,0,0,0,0,0,0,0,0,0,0,0,0,0,0,0,0,0,0,0,0,0,0,0,0,0,0,0,0,0,0,0,0,0,0,0,0,0,0,0,0,0,0,0,0,0,0,0,0,0,0,0,590,424,650,800,819,839
transactions_21st_and_9th_ave,0,0,0,0,0,0,0,0,0,0,0,0,0,0,0,0,0,0,0,0,0,0,0,0,0,0,0,0,0,0,0,0,0,0,0,0,0,0,0,0,0,0,0,0,0,0,0,0,0,0,0,0,0,0,0,0,0,0,0,0,0,0,0,0,0,0,0,8,0,0,995,985,1046,1066
transactions_5th_ave_and_lincoln_place,0,0,0,0,0,0,0,0,0,0,0,0,0,0,0,0,0,0,0,0,0,0,0,0,0,0,0,0,0,0,0,0,0,0,0,0,0,0,0,0,0,0,0,0,0,0,0,0,0,0,0,0,0,0,0,0,0,0,0,0,0,0,0,0,0,0,0,0,0,0,0,2,1292,1312
transactions_71st_and_lex,0,0,0,0,0,0,0,0,0,0,0,0,0,0,0,0,0,0,0,0,0,0,0,0,0,0,0,0,0,0,0,0,0,0,0,0,0,0,0,0,0,0,0,0,0,0,0,0,0,0,0,0,0,0,0,0,1149,1111,1266,1325,1382,1408,1449,1512,1669,1527,1573,1590,1454,862,1487,1525,1628,1648
transactions_80th_and_lex,0,0,0,0,0,0,0,0,0,0,0,0,0,0,0,0,0,0,0,0,0,0,0,0,0,0,0,0,0,0,0,0,0,0,0,0,0,0,0,0,0,0,0,0,0,0,0,0,0,0,0,0,0,0,0,0,0,0,0,0,0,0,0,0,0,0,0,0,0,0,715,967,935,955
transactions_88th_and_madison,0,0,0,0,0,0,0,0,0,0,0,0,0,0,0,0,0,0,0,0,0,0,0,0,0,0,0,0,0,0,0,0,0,0,0,0,0,0,0,0,0,0,0,0,0,0,0,0,0,0,0,0,0,0,0,0,0,0,0,0,0,0,0,0,0,0,0,0,0,0,1126,1163,1237,1257
transactions_9th_and_3rd_ave,0,0,0,0,0,0,0,0,0,0,0,0,0,0,0,0,0,0,0,0,0,0,0,0,0,0,0,0,0,0,0,0,0,0,0,0,0,0,0,0,0,0,0,0,0,0,0,0,0,0,0,0,0,0,0,0,0,0,0,0,0,0,0,0,0,466,446,533,549,318,580,768,893,913
transactions_9th_and_ave_a,0,0,0,0,0,0,0,0,0,0,0,0,0,0,0,0,0,0,0,0,0,0,0,0,0,0,0,0,0,0,0,0,0,0,0,0,0,0,0,0,0,0,0,0,0,0,0,0,0,0,0,0,0,0,0,0,0,0,0,0,0,0,0,0,0,0,0,0,807,548,1060,1255,1248,1268
transactions_bedford_and_grand,0,0,0,0,0,0,0,0,0,0,0,0,0,0,0,0,0,0,0,0,0,0,0,0,0,0,0,0,0,597,515,500,541,559,610,650,707,823,767,856,875,936,921,724,777,909,941,894,909,829,916,912,922,975,880,828,932,886,1013,1044,1097,1043,1059,1028,1055,1069,1190,1077,1031,656,903,949,1018,1038
transactions_bedford_and_n_7th,0,0,0,0,0,0,0,0,0,0,0,0,0,0,0,0,0,0,0,0,0,0,0,0,0,304,602,645,764,870,903,844,949,856,971,1028,1051,1133,1013,1098,1030,1207,1309,995,1047,1228,1275,1265,1114,1145,1247,1267,1301,1312,1200,1138,1172,1178,1273,1287,1340,1344,1268,1406,1438,1325,1424,1447,1458,991,1437,1567,1662,1682
transactions_bergen_and_nevins,0,0,0,0,0,0,0,0,0,0,0,0,0,0,0,0,0,0,0,0,0,0,0,0,0,0,0,0,0,0,0,0,0,0,0,0,0,0,0,0,258,652,707,669,736,822,814,822,791,724,783,762,587,781,812,874,952,1011,980,1135,1086,1126,1100,1101,1236,1102,1256,1160,1172,754,1087,1185,1212,1232
transactions_bleecker_and_7th_ave,0,0,0,0,0,0,0,0,0,0,0,0,0,0,0,0,0,0,0,0,0,0,0,0,0,0,0,0,0,0,0,0,0,0,0,0,0,0,0,0,0,0,0,0,0,0,0,0,0,0,0,0,0,0,0,0,0,0,0,0,0,0,0,0,0,0,0,0,0,1,891,860,911,931
transactions_bowery_market,0,0,0,0,0,0,0,0,0,0,0,0,0,0,0,0,0,0,0,0,0,0,0,0,0,0,0,0,0,0,0,0,0,0,0,0,0,0,0,0,0,0,0,0,0,0,0,0,0,0,0,0,0,0,0,0,0,0,0,0,0,0,0,459,682,691,860,854,716,389,703,742,716,736
transactions_broadway_and_w_30th,0,0,0,0,0,0,0,0,0,0,0,0,0,0,0,0,0,0,0,0,0,0,0,0,0,0,0,0,0,0,0,0,0,0,0,0,0,0,0,0,0,0,0,0,0,0,0,0,0,0,0,0,0,0,0,0,0,0,0,0,0,0,0,302,204,198,200,205,199,100,211,282,272,292
transactions_broadway_and_w_79th,0,0,0,0,0,0,0,0,0,0,0,0,0,0,0,0,0,0,0,0,0,0,0,0,0,0,0,0,0,0,0,0,0,0,0,0,0,0,0,0,0,0,0,0,0,0,0,0,0,0,0,0,0,0,0,0,0,0,0,0,0,0,0,0,0,568,979,1004,906,618,826,1103,1033,1053
transactions_brooklyn_commons,0,0,0,0,0,0,0,0,0,0,0,0,0,0,0,0,0,0,0,0,0,0,0,0,0,0,0,0,0,0,0,0,0,0,0,0,0,0,0,0,0,0,0,0,0,0,0,0,188,521,752,654,730,760,766,628,851,855,1016,1325,1464,1416,1392,1325,1533,1397,1436,1393,1349,665,1251,1457,1429,1449
transactions_court_and_bergen,0,0,0,0,0,0,0,0,0,0,0,0,0,0,0,0,0,0,0,0,0,0,0,0,0,0,0,0,0,0,0,0,0,0,0,0,0,0,0,0,0,0,0,0,0,0,0,0,0,0,0,0,0,0,0,0,2,1663,2031,2137,2173,2146,2026,2221,2367,2175,2250,2214,2088,1372,2021,2266,2433,2453
transactions_grand_army_plaza,0,0,0,0,0,0,0,0,0,0,0,0,0,0,0,0,0,0,0,0,0,0,0,0,0,0,0,0,0,0,0,0,0,0,0,0,0,0,0,0,0,0,0,0,0,0,0,0,0,494,646,697,714,553,681,575,636,604,703,742,727,902,816,856,757,664,774,712,823,344,685,638,522,542
transactions_jay_and_water,0,0,0,0,0,0,0,0,0,0,0,0,0,0,0,0,0,0,0,0,0,0,0,0,0,0,0,0,0,0,0,0,0,0,0,0,0,0,0,0,0,0,0,0,0,0,0,0,0,0,0,0,294,1471,1217,1285,1346,1168,1283,1284,1758,1105,1375,1732,1395,1618,1646,1723,1826,1002,1700,1643,1667,1687
transactions_lafayette_and_spring,0,0,0,0,0,0,0,0,0,0,0,0,0,0,0,0,0,0,0,0,0,0,0,0,0,0,0,0,0,0,0,0,0,0,0,0,512,864,1100,1206,1176,1392,1371,1192,1393,1528,1533,1624,1391,1399,1496,1634,1569,1665,1491,1486,1559,1463,1669,1785,1798,1773,1849,2015,1997,1954,2039,1918,1995,1200,2067,2220,2169,2189
transactions_lincoln_place_and_5th_ave,0,0,0,0,0,0,0,0,0,0,0,0,0,0,0,0,0,0,0,0,0,0,0,0,0,0,0,0,0,0,0,0,0,0,0,0,0,0,0,0,0,0,0,0,0,0,0,0,0,0,0,0,0,0,0,0,0,0,0,0,0,0,0,0,0,0,0,0,0,0,3,2,0,20
transactions_madison_square_park,0,0,0,0,0,0,0,0,0,0,0,0,0,0,0,0,0,0,0,0,0,0,0,0,0,0,0,0,0,0,0,0,0,0,0,0,0,0,0,0,0,0,0,0,0,0,0,0,0,104,122,124,46,79,85,63,108,109,138,150,128,161,142,175,144,136,156,89,106,295,532,626,577,597
transactions_mccarren_park_north,0,0,0,0,0,0,0,0,0,0,0,0,0,0,0,0,0,0,0,0,0,0,0,0,0,0,0,0,0,0,0,0,0,0,0,0,0,0,0,0,0,0,0,0,953,1103,1152,1005,730,814,817,882,978,871,939,787,948,872,192,855,311,28,0,0,0,0,2,0,0,0,0,0,0,20
transactions_mccarren_park_south,0,0,0,0,0,0,0,0,0,0,0,0,0,0,0,0,0,0,0,0,0,0,0,0,0,0,0,0,0,0,0,0,0,0,0,0,0,0,0,0,0,0,0,0,0,0,630,957,753,707,891,877,976,1015,1011,990,1110,1028,1408,1325,1443,1080,1260,1443,1183,1163,1279,1212,1309,691,1173,1126,1061,1081
transactions_smith_and_pacific,0,0,0,0,0,0,0,0,0,0,0,0,0,0,0,0,0,0,0,0,0,0,0,0,0,0,0,0,0,0,0,0,0,0,0,0,0,0,0,0,0,0,0,0,0,0,0,0,0,0,253,670,963,960,825,798,963,856,939,1225,1170,399,403,855,570,697,549,732,669,2,675,861,745,765
transactions_washington_square_park,0,0,0,0,0,0,0,0,0,0,0,0,0,0,0,0,0,0,0,0,0,0,0,0,0,0,0,0,0,0,0,0,0,0,0,0,0,0,0,0,0,0,0,0,0,0,0,0,0,0,0,0,1,0,332,384,599,762,1080,1400,1663,1119,533,1058,1526,1512,1618,1540,1477,526,1225,1605,1461,1481
transactions_wythe_diner,201,520,536,768,907,813,644,1220,1259,1269,1386,1095,1358,1020,1299,1248,1149,792,950,1050,951,763,724,906,1024,963,812,681,809,735,858,923,1226,995,1178,1129,1217,1244,1373,1483,1369,1624,1738,992,1460,1630,1566,1580,1266,1287,1312,1321,1534,1608,1580,1338,1419,1436,1640,1729,1732,1700,1675,1892,1611,1368,1284,1138,1347,630,1261,1337,1261,1281
gross_sales_13th_and_7th_ave,0,0,0,0,0,0,0,0,0,0,0,0,0,0,0,0,0,0,0,0,0,0,0,0,0,0,0,0,0,0,0,0,0,0,0,0,0,0,0,0,0,0,0,0,0,0,0,0,0,0,0,0,0,0,0,0,0,0,0,0,0,0,0,0,0,0,0,0,3493,2939.5,3825.35,4815.4,4874.95,4974.95
gross_sales_21st_and_9th_ave,0,0,0,0,0,0,0,0,0,0,0,0,0,0,0,0,0,0,0,0,0,0,0,0,0,0,0,0,0,0,0,0,0,0,0,0,0,0,0,0,0,0,0,0,0,0,0,0,0,0,0,0,0,0,0,0,0,0,0,0,0,0,0,0,0,0,0,48,0,0,6455.8,6195.25,6704.1,6804.1
gross_sales_5th_ave_and_lincoln_place,0,0,0,0,0,0,0,0,0,0,0,0,0,0,0,0,0,0,0,0,0,0,0,0,0,0,0,0,0,0,0,0,0,0,0,0,0,0,0,0,0,0,0,0,0,0,0,0,0,0,0,0,0,0,0,0,0,0,0,0,0,0,0,0,0,0,0,0,0,0,0,2.5,8808.5,8908.5
gross_sales_71st_and_lex,0,0,0,0,0,0,0,0,0,0,0,0,0,0,0,0,0,0,0,0,0,0,0,0,0,0,0,0,0,0,0,0,0,0,0,0,0,0,0,0,0,0,0,0,0,0,0,0,0,0,0,0,0,0,0,0,7359.93,7044.75,7780,8133.81,8543.28,8548.41,9040.68,9187.18,10326.58,9317.96,9480.94,9661.67,8516.58,5496.08,9230.71,9746.15,10871,10971
gross_sales_80th_and_lex,0,0,0,0,0,0,0,0,0,0,0,0,0,0,0,0,0,0,0,0,0,0,0,0,0,0,0,0,0,0,0,0,0,0,0,0,0,0,0,0,0,0,0,0,0,0,0,0,0,0,0,0,0,0,0,0,0,0,0,0,0,0,0,0,0,0,0,0,0,0,4634,5923.75,5826.5,5926.5
gross_sales_88th_and_madison,0,0,0,0,0,0,0,0,0,0,0,0,0,0,0,0,0,0,0,0,0,0,0,0,0,0,0,0,0,0,0,0,0,0,0,0,0,0,0,0,0,0,0,0,0,0,0,0,0,0,0,0,0,0,0,0,0,0,0,0,0,0,0,0,0,0,0,0,0,0,7414.25,7476.5,8651.75,8751.75
gross_sales_9th_and_3rd_ave,0,0,0,0,0,0,0,0,0,0,0,0,0,0,0,0,0,0,0,0,0,0,0,0,0,0,0,0,0,0,0,0,0,0,0,0,0,0,0,0,0,0,0,0,0,0,0,0,0,0,0,0,0,0,0,0,0,0,0,0,0,0,0,0,0,2501.5,2665.85,3221.62,3383.19,2006.5,3610.3,4848.65,5858.85,5958.85
gross_sales_9th_and_ave_a,0,0,0,0,0,0,0,0,0,0,0,0,0,0,0,0,0,0,0,0,0,0,0,0,0,0,0,0,0,0,0,0,0,0,0,0,0,0,0,0,0,0,0,0,0,0,0,0,0,0,0,0,0,0,0,0,0,0,0,0,0,0,0,0,0,0,0,0,4638,3076.25,6366.5,7603.75,7866.5,7966.5
gross_sales_bedford_and_grand,0,0,0,0,0,0,0,0,0,0,0,0,0,0,0,0,0,0,0,0,0,0,0,0,0,0,0,0,0,3839.75,3354.25,3620,3462.5,3648.75,4444.54,4646.46,4910.61,5774.18,5234.36,5745.13,6000.02,6504.56,5960.13,5157.4,5172.86,6420.27,6420.56,5908.53,6387.55,5769.69,6144.06,6422,6318.39,6551.08,6615.74,5776.34,6419.32,6322.3,7234.65,6932.11,7502.56,7498.01,7213.05,7400.13,7363.83,7336.49,8080.27,7494.34,7405.72,4848.99,6558.69,6600.05,7238.05,7338.05
gross_sales_bedford_and_n_7th,0,0,0,0,0,0,0,0,0,0,0,0,0,0,0,0,0,0,0,0,0,0,0,0,0,2176.5,4202.5,4198.25,4994.75,5486.25,5545.25,5352.5,5623.5,5328,5997.75,6293,6561.5,7162.75,6309.25,6988.5,6518.75,7304,7971,6344.5,6409.25,7426.25,7892.75,7655.25,6728,6864.25,7413,7435.75,7864.25,7741,7133,6674.25,7123.75,7085,7676.75,7618.8,7957.75,7682.75,7262.75,8286,8207.25,7810.75,8381.5,8542.75,8308.25,5831,8235.25,9352,9832.25,9932.25
gross_sales_bergen_and_nevins,0,0,0,0,0,0,0,0,0,0,0,0,0,0,0,0,0,0,0,0,0,0,0,0,0,0,0,0,0,0,0,0,0,0,0,0,0,0,0,0,1979.25,4844.75,5246.39,4988.56,5386.91,5861.08,6025.13,6109.83,6043.95,5216.73,5671,5756.56,4323.53,5809.75,6188.96,6457.25,6695.17,7123.56,7443.15,7952.22,7909.33,8404.81,7883.5,7923.16,8654.36,8250.96,9062.66,8258.41,8237.97,5580.83,7992.79,8684.7,9059.5,9159.5
gross_sales_bleecker_and_7th_ave,0,0,0,0,0,0,0,0,0,0,0,0,0,0,0,0,0,0,0,0,0,0,0,0,0,0,0,0,0,0,0,0,0,0,0,0,0,0,0,0,0,0,0,0,0,0,0,0,0,0,0,0,0,0,0,0,0,0,0,0,0,0,0,0,0,0,0,0,0,2.5,5321.5,5366.25,5775,5875
gross_sales_bowery_market,0,0,0,0,0,0,0,0,0,0,0,0,0,0,0,0,0,0,0,0,0,0,0,0,0,0,0,0,0,0,0,0,0,0,0,0,0,0,0,0,0,0,0,0,0,0,0,0,0,0,0,0,0,0,0,0,0,0,0,0,0,0,0,2677.75,4032,3919.03,4804.75,4666.01,3963.44,2389.34,4067.39,4326.95,4554.05,4654.05
gross_sales_broadway_and_w_30th,0,0,0,0,0,0,0,0,0,0,0,0,0,0,0,0,0,0,0,0,0,0,0,0,0,0,0,0,0,0,0,0,0,0,0,0,0,0,0,0,0,0,0,0,0,0,0,0,0,0,0,0,0,0,0,0,0,0,0,0,0,0,0,1619.25,1030.75,1047,1069.63,1150.63,989.23,532.5,1326.51,1544.85,1671.35,1771.35
gross_sales_broadway_and_w_79th,0,0,0,0,0,0,0,0,0,0,0,0,0,0,0,0,0,0,0,0,0,0,0,0,0,0,0,0,0,0,0,0,0,0,0,0,0,0,0,0,0,0,0,0,0,0,0,0,0,0,0,0,0,0,0,0,0,0,0,0,0,0,0,0,0,3179.5,5805.5,5884.88,5493.25,3811.51,5171.68,6685.1,6554.75,6654.75
gross_sales_brooklyn_commons,0,0,0,0,0,0,0,0,0,0,0,0,0,0,0,0,0,0,0,0,0,0,0,0,0,0,0,0,0,0,0,0,0,0,0,0,0,0,0,0,0,0,0,0,0,0,0,0,2646.5,3275.75,4824.25,4027.25,4366.25,4631.25,4849,3865.38,4895,5040,6029.47,7299.4,8189.47,7949.08,7767.67,7577.58,8515.58,7805.42,8214.89,8059.56,7833.73,3797.3,7221.06,8365,8618.25,8718.25
gross_sales_court_and_bergen,0,0,0,0,0,0,0,0,0,0,0,0,0,0,0,0,0,0,0,0,0,0,0,0,0,0,0,0,0,0,0,0,0,0,0,0,0,0,0,0,0,0,0,0,0,0,0,0,0,0,0,0,0,0,0,0,2.5,11028.25,13514.5,13471.06,12899.43,13415.81,12824.21,14784.03,15260.78,14450.36,15459.93,14855.3,13783.8,10007.78,13270.06,15064.41,16226.65,16326.65
gross_sales_grand_army_plaza,0,0,0,0,0,0,0,0,0,0,0,0,0,0,0,0,0,0,0,0,0,0,0,0,0,0,0,0,0,0,0,0,0,0,0,0,0,0,0,0,0,0,0,0,0,0,0,0,0,4706.94,6088.62,6559.03,6726.84,5541.53,6442.02,5465.37,5939.97,6080.12,7100.65,7478.33,7275.78,8712.34,7602.64,8287.38,7394.29,6514.1,7966.68,7302.06,8611.27,3508,7002.72,6149.3,5070.9,5170.9
gross_sales_jay_and_water,0,0,0,0,0,0,0,0,0,0,0,0,0,0,0,0,0,0,0,0,0,0,0,0,0,0,0,0,0,0,0,0,0,0,0,0,0,0,0,0,0,0,0,0,0,0,0,0,0,0,0,0,3063.75,9934.06,8936.43,8829,9123,8007.5,8687.5,8511,11533.25,7688.75,9384.25,11223.25,9080.5,10183,10058,11197.75,11257.5,6444.5,10809.25,10654.75,10686.25,10786.25
gross_sales_lafayette_and_spring,0,0,0,0,0,0,0,0,0,0,0,0,0,0,0,0,0,0,0,0,0,0,0,0,0,0,0,0,0,0,0,0,0,0,0,0,3353.25,5287.47,6740.63,7504.37,7377.28,8592.58,8327.87,7398.7,8150.62,9128.39,9285.73,9856.95,8556.38,8602.99,8984.61,9557.01,9415.55,9971.56,8878.74,8934,9162.3,8779.4,10113.8,10673.3,10537.7,10656.65,11119.48,11932.14,12309.95,11978.6,12366.12,11911.84,11936.1,7247.75,12054.73,13426.75,13304.35,13404.35
gross_sales_lincoln_place_and_5th_ave,0,0,0,0,0,0,0,0,0,0,0,0,0,0,0,0,0,0,0,0,0,0,0,0,0,0,0,0,0,0,0,0,0,0,0,0,0,0,0,0,0,0,0,0,0,0,0,0,0,0,0,0,0,0,0,0,0,0,0,0,0,0,0,0,0,0,0,0,0,0,47,28,0,100
gross_sales_madison_square_park,0,0,0,0,0,0,0,0,0,0,0,0,0,0,0,0,0,0,0,0,0,0,0,0,0,0,0,0,0,0,0,0,0,0,0,0,0,0,0,0,0,0,0,0,0,0,0,0,0,1093.61,1233.74,1128.53,427.12,831.61,778.88,613.63,957.93,954.72,1196.53,1195.02,1295.52,1286.66,1359.21,1663.01,1394.19,1219.87,1518.43,724.44,977.82,2680,4809.64,5966,5352.19,5452.19
gross_sales_mccarren_park_north,0,0,0,0,0,0,0,0,0,0,0,0,0,0,0,0,0,0,0,0,0,0,0,0,0,0,0,0,0,0,0,0,0,0,0,0,0,0,0,0,0,0,0,0,6233.25,7151.75,7158,6256,4581.75,4966.25,4728.25,5293,6027,5435.5,5723,4896.01,6006.86,7782.28,1181,5236.45,1738.68,190.25,0,0,0,0,41,0,0,0,0,0,0,100
gross_sales_mccarren_park_south,0,0,0,0,0,0,0,0,0,0,0,0,0,0,0,0,0,0,0,0,0,0,0,0,0,0,0,0,0,0,0,0,0,0,0,0,0,0,0,0,0,0,0,0,0,0,4193.75,6460,4946.75,4656.25,5786.5,5623.75,6424.5,6422.25,6628,6405,7130,6578.5,9142.5,8039,9089.75,6776.5,8034,8799.82,7266.25,7357.75,8022.25,7641.2,8149.25,4427.75,7324.27,6856.75,6883,6983
gross_sales_smith_and_pacific,0,0,0,0,0,0,0,0,0,0,0,0,0,0,0,0,0,0,0,0,0,0,0,0,0,0,0,0,0,0,0,0,0,0,0,0,0,0,0,0,0,0,0,0,0,0,0,0,0,0,2099.75,4674.75,6996,6812.5,6039.5,5494.5,6600.5,5934.25,6638.75,8280.5,8039.25,2657,2912,5385.25,3741,4466,3344.75,4857.5,4360.5,6.5,4272,5344,4938.75,5038.75
gross_sales_washington_square_park,0,0,0,0,0,0,0,0,0,0,0,0,0,0,0,0,0,0,0,0,0,0,0,0,0,0,0,0,0,0,0,0,0,0,0,0,0,0,0,0,0,0,0,0,0,0,0,0,0,0,0,0,4,0,1973.48,2426.51,3251.31,3909.46,8846.57,7368.31,8713.51,5908.56,2783,5493.75,8100,7855.75,8471,7981,7545.5,2814,6207.5,8218.5,9614,9714
gross_sales_wythe_diner,1345.25,3406.25,3502.5,4979.5,5968.25,5190.25,4336,7523.25,8064.25,8186.5,9213,7350,8977.75,7568.75,9015.99,8565.75,7763.5,5723.25,6600.75,7650.5,7751.25,5435.75,4900.5,5975.49,6431.74,8648.75,5515.25,7095.5,6461,5202.25,5655.25,6745.25,7603.25,6425,7750.25,7143.5,7910,7950,8959.75,9601.5,9126.25,10418.5,31425.25,7117.75,9641.25,10687.5,10270.75,10790.25,8623.5,8567.75,8658.75,8807,10228.25,10631.75,10477,8892.25,9339.25,9566.5,10940.75,11028,11281.31,10899.25,29169,30545,28374.25,27686.5,16933.25,16106.75,17437.5,12635,25023.25,8780.75,11888,11988
net_sales_13th_and_7th_ave,0,0,0,0,0,0,0,0,0,0,0,0,0,0,0,0,0,0,0,0,0,0,0,0,0,0,0,0,0,0,0,0,0,0,0,0,0,0,0,0,0,0,0,0,0,0,0,0,0,0,0,0,0,0,0,0,0,0,0,0,0,0,0,0,0,0,0,0,1295.25,2603.5,3282.25,4096.5,4031,4131
net_sales_21st_and_9th_ave,0,0,0,0,0,0,0,0,0,0,0,0,0,0,0,0,0,0,0,0,0,0,0,0,0,0,0,0,0,0,0,0,0,0,0,0,0,0,0,0,0,0,0,0,0,0,0,0,0,0,0,0,0,0,0,0,0,0,0,0,0,0,0,0,0,0,0,0,0,0,4721.3,5513,5879.25,5979.25
net_sales_5th_ave_and_lincoln_place,0,0,0,0,0,0,0,0,0,0,0,0,0,0,0,0,0,0,0,0,0,0,0,0,0,0,0,0,0,0,0,0,0,0,0,0,0,0,0,0,0,0,0,0,0,0,0,0,0,0,0,0,0,0,0,0,0,0,0,0,0,0,0,0,0,0,0,0,0,0,0,0,4372.25,4472.25
net_sales_71st_and_lex,0,0,0,0,0,0,0,0,0,0,0,0,0,0,0,0,0,0,0,0,0,0,0,0,0,0,0,0,0,0,0,0,0,0,0,0,0,0,0,0,0,0,0,0,0,0,0,0,0,0,0,0,0,0,0,0,4544.25,6802.75,7499.5,7817,8222,8196,8761,8916,9957.25,8916.29,9007.25,9209,8148.5,5281.25,8693.87,8840.25,9570.25,9670.25
net_sales_80th_and_lex,0,0,0,0,0,0,0,0,0,0,0,0,0,0,0,0,0,0,0,0,0,0,0,0,0,0,0,0,0,0,0,0,0,0,0,0,0,0,0,0,0,0,0,0,0,0,0,0,0,0,0,0,0,0,0,0,0,0,0,0,0,0,0,0,0,0,0,0,0,0,2388.75,5228.5,4977.25,5077.25
net_sales_88th_and_madison,0,0,0,0,0,0,0,0,0,0,0,0,0,0,0,0,0,0,0,0,0,0,0,0,0,0,0,0,0,0,0,0,0,0,0,0,0,0,0,0,0,0,0,0,0,0,0,0,0,0,0,0,0,0,0,0,0,0,0,0,0,0,0,0,0,0,0,0,0,0,5755,7042.5,8032.5,8132.5
net_sales_9th_and_3rd_ave,0,0,0,0,0,0,0,0,0,0,0,0,0,0,0,0,0,0,0,0,0,0,0,0,0,0,0,0,0,0,0,0,0,0,0,0,0,0,0,0,0,0,0,0,0,0,0,0,0,0,0,0,0,0,0,0,0,0,0,0,0,0,0,0,0,448,2199,2820.75,2960.25,1809,3055.5,4004.28,4340,4440
net_sales_9th_and_ave_a,0,0,0,0,0,0,0,0,0,0,0,0,0,0,0,0,0,0,0,0,0,0,0,0,0,0,0,0,0,0,0,0,0,0,0,0,0,0,0,0,0,0,0,0,0,0,0,0,0,0,0,0,0,0,0,0,0,0,0,0,0,0,0,0,0,0,0,0,2254.75,2758.87,5817.75,6832,6761.25,6861.25
net_sales_bedford_and_grand,0,0,0,0,0,0,0,0,0,0,0,0,0,0,0,0,0,0,0,0,0,0,0,0,0,0,0,0,0,2404.75,3132.75,3410,3133.25,3502.75,4255,4494.75,4612.5,5351.25,4984.5,5530.75,5764.25,6324.75,5683.5,4828.75,4856,6093,5988.5,5473,6036.25,5372.5,5836,6109.25,6056,6255.5,6188.75,5403,6057.75,6061.5,6853.5,6452,7167.5,7084.5,6859,7072.5,6949.75,6785.25,7441.5,6900,6931,4598.5,6183.5,5961,6332.25,6432.25
net_sales_bedford_and_n_7th,0,0,0,0,0,0,0,0,0,0,0,0,0,0,0,0,0,0,0,0,0,0,0,0,0,1245,3989.75,3864.5,4676.75,5056.25,5157.75,5052,5281.5,5058.75,5678,6060,6207.25,6780,6008.5,6707.75,6313.75,6999.75,7632,6071.5,6166.5,7118,7457.25,7305.5,6362.75,6658.5,7125.5,7091.75,7553.5,7415.75,6899.75,6410.75,6871.25,6749.5,7435.75,7361.05,7587,7396.75,6952.25,7979,7865,7321.75,7831,7959,7872,5543,7784,8443,8502.5,8602.5
net_sales_bergen_and_nevins,0,0,0,0,0,0,0,0,0,0,0,0,0,0,0,0,0,0,0,0,0,0,0,0,0,0,0,0,0,0,0,0,0,0,0,0,0,0,0,0,1165.75,4656.75,5060.75,4900.5,5308,5730,5882.75,5976.75,5933.25,5087,5526.75,5600.25,4132,5621.5,6027.5,6294.75,6530,6911.5,7194.84,7711.25,7641.75,8196.5,7641.75,7633,8196.12,7799.5,8460.25,7689.43,7667,5252.5,7498.5,7853.25,8007.75,8107.75
net_sales_bleecker_and_7th_ave,0,0,0,0,0,0,0,0,0,0,0,0,0,0,0,0,0,0,0,0,0,0,0,0,0,0,0,0,0,0,0,0,0,0,0,0,0,0,0,0,0,0,0,0,0,0,0,0,0,0,0,0,0,0,0,0,0,0,0,0,0,0,0,0,0,0,0,0,0,2.5,3401,4740.5,4996.5,5096.5
net_sales_bowery_market,0,0,0,0,0,0,0,0,0,0,0,0,0,0,0,0,0,0,0,0,0,0,0,0,0,0,0,0,0,0,0,0,0,0,0,0,0,0,0,0,0,0,0,0,0,0,0,0,0,0,0,0,0,0,0,0,0,0,0,0,0,0,0,1562.75,3709,3721.5,4590.75,4488.5,3857.25,2290,3901.5,3911.38,3960,4060
net_sales_broadway_and_w_30th,0,0,0,0,0,0,0,0,0,0,0,0,0,0,0,0,0,0,0,0,0,0,0,0,0,0,0,0,0,0,0,0,0,0,0,0,0,0,0,0,0,0,0,0,0,0,0,0,0,0,0,0,0,0,0,0,0,0,0,0,0,0,0,355,889.75,977.25,998.25,1082.75,884,380.75,1238.75,1452.5,1408.75,1508.75
net_sales_broadway_and_w_79th,0,0,0,0,0,0,0,0,0,0,0,0,0,0,0,0,0,0,0,0,0,0,0,0,0,0,0,0,0,0,0,0,0,0,0,0,0,0,0,0,0,0,0,0,0,0,0,0,0,0,0,0,0,0,0,0,0,0,0,0,0,0,0,0,0,940,5312.5,5315,5084.25,3532.25,4884.25,5468.25,5750.75,5850.75
net_sales_brooklyn_commons,0,0,0,0,0,0,0,0,0,0,0,0,0,0,0,0,0,0,0,0,0,0,0,0,0,0,0,0,0,0,0,0,0,0,0,0,0,0,0,0,0,0,0,0,0,0,0,0,1135.25,3106.75,4597,3820.5,4184.75,4406.25,4699.25,3698.5,4724,4860,5743.5,6924.5,7647.5,7480.25,7465.5,7190.75,7948.75,7261.75,7574.5,7437,7308.75,3495.5,6775.25,7534.75,6840,6940
net_sales_court_and_bergen,0,0,0,0,0,0,0,0,0,0,0,0,0,0,0,0,0,0,0,0,0,0,0,0,0,0,0,0,0,0,0,0,0,0,0,0,0,0,0,0,0,0,0,0,0,0,0,0,0,0,0,0,0,0,0,0,0,8623.25,13221,13118.5,12584,13114,12555.75,14427,14773,13861.75,14865.5,14276.75,13348,9596,12734.09,13947.75,14559.75,14659.75
net_sales_grand_army_plaza,0,0,0,0,0,0,0,0,0,0,0,0,0,0,0,0,0,0,0,0,0,0,0,0,0,0,0,0,0,0,0,0,0,0,0,0,0,0,0,0,0,0,0,0,0,0,0,0,0,4567.82,5943.54,6364.16,6548.82,5416.82,6301.02,5341.72,5806.76,5765.69,6939.18,7293.9,7130.01,8570.03,7424.77,8201.2,7287.81,6408.74,7855.83,7212.28,8499.36,3457.73,6871.49,6052.23,4947.92,5047.92
net_sales_jay_and_water,0,0,0,0,0,0,0,0,0,0,0,0,0,0,0,0,0,0,0,0,0,0,0,0,0,0,0,0,0,0,0,0,0,0,0,0,0,0,0,0,0,0,0,0,0,0,0,0,0,0,0,0,1839.25,9489.75,8612.75,8593.5,8699,7766.25,8311.75,8202.5,11159.25,7461,9056.5,10951.5,8776.75,9751.5,9585,10704.5,10672,6214.5,10397.75,9849.25,9641,9741
net_sales_lafayette_and_spring,0,0,0,0,0,0,0,0,0,0,0,0,0,0,0,0,0,0,0,0,0,0,0,0,0,0,0,0,0,0,0,0,0,0,0,0,1854,4654,6144,6988.75,6883.5,8066.25,7967.25,7070.75,7688.25,8595,8834.5,9238,8075,8233.5,8525,9024,8875,9570,8392,8508,8622.5,8330.75,9644.75,10188.75,10071.5,10194.25,10643.75,11412.5,11752.75,11287.87,11773.25,11246.5,11283.5,6892.5,11360.5,11659.5,11332.75,11432.75
net_sales_lincoln_place_and_5th_ave,0,0,0,0,0,0,0,0,0,0,0,0,0,0,0,0,0,0,0,0,0,0,0,0,0,0,0,0,0,0,0,0,0,0,0,0,0,0,0,0,0,0,0,0,0,0,0,0,0,0,0,0,0,0,0,0,0,0,0,0,0,0,0,0,0,0,0,0,0,0,47,28,0,100
net_sales_madison_square_park,0,0,0,0,0,0,0,0,0,0,0,0,0,0,0,0,0,0,0,0,0,0,0,0,0,0,0,0,0,0,0,0,0,0,0,0,0,0,0,0,0,0,0,0,0,0,0,0,0,1071.45,1207.95,1089.7,422.31,759.66,769.43,600.36,940.03,911.24,1169.37,1155.35,1264.76,1259.67,1344.94,1615.75,1362.82,1176.4,1474.72,702.77,946,1671,4690.39,5657.25,4984.44,5084.44
net_sales_mccarren_park_north,0,0,0,0,0,0,0,0,0,0,0,0,0,0,0,0,0,0,0,0,0,0,0,0,0,0,0,0,0,0,0,0,0,0,0,0,0,0,0,0,0,0,0,0,4488.5,6843.25,6775,6128,4473,4874,4673.5,5153.75,5883.25,5304.5,5594.25,4765.5,5845.37,7694.25,1133.5,5144.5,1704.25,182.25,0,0,0,0,41,0,0,0,0,0,0,100
net_sales_mccarren_park_south,0,0,0,0,0,0,0,0,0,0,0,0,0,0,0,0,0,0,0,0,0,0,0,0,0,0,0,0,0,0,0,0,0,0,0,0,0,0,0,0,0,0,0,0,0,0,2077.75,6116.25,4785.5,4477.75,5680,5493.25,6310.5,6271.5,6508.5,6282.75,6971.75,6421.25,8941,7833,8890.75,6593.5,7803.5,8542.07,6961,6948,7712.25,7216.45,7877.25,4248,7022.27,6225,6099,6199
net_sales_smith_and_pacific,0,0,0,0,0,0,0,0,0,0,0,0,0,0,0,0,0,0,0,0,0,0,0,0,0,0,0,0,0,0,0,0,0,0,0,0,0,0,0,0,0,0,0,0,0,0,0,0,0,0,1318.25,4343.75,6632,6460.25,5768.25,5221.5,6315,5733.25,6452,7987,7712.25,2579.5,2880,5203.25,3681.25,4326,3247.75,4682.5,4219.25,6.5,4093.75,4803.5,4557,4657
net_sales_washington_square_park,0,0,0,0,0,0,0,0,0,0,0,0,0,0,0,0,0,0,0,0,0,0,0,0,0,0,0,0,0,0,0,0,0,0,0,0,0,0,0,0,0,0,0,0,0,0,0,0,0,0,0,0,4,0,979.75,2290,3087.75,3788.75,8618.37,7174.25,8339.5,5589.5,2673,5205.75,7708.5,7467.5,8267,7751.5,7247.25,2694.48,5923.57,7349.97,6808.29,6908.29
net_sales_wythe_diner,1342.25,3389.25,3476,4922.5,5905,5161.25,4323.5,7506.25,7937.25,8157.25,9071.25,7313.75,8887,7237.25,8865,8318.74,7522.75,5601.5,6197,7448.75,7248.25,5168,4732.25,5708.49,6158.49,8448.5,5256.5,6861.5,6186.5,4916.25,5258.5,6500.5,7287.75,6180.5,7526.75,6877.38,7679.75,7585.25,8672,9273.75,8875.38,9998.94,31035,6503,9319.5,10326.13,9892.75,10476.25,8328,8208.25,8313.63,8330.75,9943.5,10287.25,10162,8592.37,9035.75,9206.5,10508.25,10603.38,10852.06,10481.25,28658.25,29945.94,27786,26869.75,16172.56,15501,16755.87,12345.75,24342.5,7449,10714.5,10814.5
cogs_13th_and_7th_ave,0,0,0,0,0,0,0,0,0,0,0,0,0,0,0,0,0,0,0,0,0,0,0,0,0,0,0,0,0,0,0,0,0,0,0,0,0,0,0,0,0,0,0,0,0,0,0,0,0,0,0,0,0,0,0,0,0,0,0,0,0,0,0,0,0,0,0,0,2399.471,999.1524,1177.2393,1614.397,1681.412,1781.412
cogs_21st_and_9th_ave,0,0,0,0,0,0,0,0,0,0,0,0,0,0,0,0,0,0,0,0,0,0,0,0,0,0,0,0,0,0,0,0,0,0,0,0,0,0,0,0,0,0,0,0,0,0,0,0,0,0,0,0,0,0,0,0,0,0,0,0,0,0,0,0,0,0,0,189.936,0,0,3646.646,1957.203,2100.935,2200.935
cogs_5th_ave_and_lincoln_place,0,0,0,0,0,0,0,0,0,0,0,0,0,0,0,0,0,0,0,0,0,0,0,0,0,0,0,0,0,0,0,0,0,0,0,0,0,0,0,0,0,0,0,0,0,0,0,0,0,0,0,0,0,0,0,0,0,0,0,0,0,0,0,0,0,0,0,0,0,0,0,0,4875.545,4975.545
cogs_71st_and_lex,0,0,0,0,0,0,0,0,0,0,0,0,0,0,0,0,0,0,0,0,0,0,0,0,0,0,0,0,0,0,0,0,0,0,0,0,0,0,0,0,0,0,0,0,0,0,0,0,0,0,0,0,0,0,0,0,3580.255,1933.6958,2274.294,2412.494,2643.966,2623.289,2800.36,2733.822,3092.74,2649.956,2814.712,2820.047,2425.725,1524.022,2607.1925,2979.929,3664.35,3764.35
cogs_80th_and_lex,0,0,0,0,0,0,0,0,0,0,0,0,0,0,0,0,0,0,0,0,0,0,0,0,0,0,0,0,0,0,0,0,0,0,0,0,0,0,0,0,0,0,0,0,0,0,0,0,0,0,0,0,0,0,0,0,0,0,0,0,0,0,0,0,0,0,0,0,0,0,2591.722,1807.598,1820.725,1920.725
cogs_88th_and_madison,0,0,0,0,0,0,0,0,0,0,0,0,0,0,0,0,0,0,0,0,0,0,0,0,0,0,0,0,0,0,0,0,0,0,0,0,0,0,0,0,0,0,0,0,0,0,0,0,0,0,0,0,0,0,0,0,0,0,0,0,0,0,0,0,0,0,0,0,0,0,3534.845,2302.716,2605.129,2705.129
cogs_9th_and_3rd_ave,0,0,0,0,0,0,0,0,0,0,0,0,0,0,0,0,0,0,0,0,0,0,0,0,0,0,0,0,0,0,0,0,0,0,0,0,0,0,0,0,0,0,0,0,0,0,0,0,0,0,0,0,0,0,0,0,0,0,0,0,0,0,0,0,0,3948.042,890.6953,1093.599,1146.338,671.3434,1184.522,1713.494,2236.008,2336.008
cogs_9th_and_ave_a,0,0,0,0,0,0,0,0,0,0,0,0,0,0,0,0,0,0,0,0,0,0,0,0,0,0,0,0,0,0,0,0,0,0,0,0,0,0,0,0,0,0,0,0,0,0,0,0,0,0,0,0,0,0,0,0,0,0,0,0,0,0,0,0,0,0,0,0,2579.645,965.6247,1978.4756,2441.506,2586.255,2686.255
cogs_bedford_and_grand,0,0,0,0,0,0,0,0,0,0,0,0,0,0,0,0,0,0,0,0,0,0,0,0,0,0,0,0,0,1682.647,1086.055,1075.648,1160.712,1314.449,1730.153,1734.4396,1954.887,2216.531,2039.068,2328.4658,2438.412,2779.881,2540.604,2152.351,2257.2153,2811.409,2705.846,2533.811,2867.219,2559.117,2738.861,3031.498,2876.1987,2523.863,2695.597,1993.046,2578.998,2483.955,2893.753,2592.112,2750.906,2706.841,2734.396,2597.202,2615.155,2673.423,2981.21,2789.539,2606.975,1738.665,2295.5079,2347.637,1943.605,2043.605
cogs_bedford_and_n_7th,0,0,0,0,0,0,0,0,0,0,0,0,0,0,0,0,0,0,0,0,0,0,0,0,0,1102.63,1279.222,1310.556,1554.778,1892.43,1999.752,1803.925,1968.755,1899.308,2136.401,2250.8612,2429.589,2464.335,2382.109,2624.8477,2379.896,2828.62,3253.298,2361.092,2509.2264,2946.249,3131.116,2988.851,2797.042,2741.362,2949.491,3003.542,3159.179,2674.066,2272.854,2059.394,2287.159,2347.7047,2512.181,2488.784,2397.966,2536.722,2202.747,2580.466,2528.175,2476.405,2606.721,2614.704,2558.813,1690.095,2531.7396,2918.797,3281.063,3381.063
cogs_bergen_and_nevins,0,0,0,0,0,0,0,0,0,0,0,0,0,0,0,0,0,0,0,0,0,0,0,0,0,0,0,0,0,0,0,0,0,0,0,0,0,0,0,0,1083.8,1793.724,1979.944,1948.688,2106.7671,2360.299,2396.057,2417.851,2412.518,2155.463,2367.929,2514.549,1872.3693,1926.488,1659.646,1866.499,2094.018,2156.7182,2166.985,2274.764,2691.521,2612.037,2419.329,2463.764,2757.239,2747.912,2951.578,2596.686,2545.953,1864.358,2343.5109,2712.738,2835.215,2935.215
cogs_bleecker_and_7th_ave,0,0,0,0,0,0,0,0,0,0,0,0,0,0,0,0,0,0,0,0,0,0,0,0,0,0,0,0,0,0,0,0,0,0,0,0,0,0,0,0,0,0,0,0,0,0,0,0,0,0,0,0,0,0,0,0,0,0,0,0,0,0,0,0,0,0,0,0,0,0,2928.778,1794.263,1912.892,2012.892
cogs_bowery_market,0,0,0,0,0,0,0,0,0,0,0,0,0,0,0,0,0,0,0,0,0,0,0,0,0,0,0,0,0,0,0,0,0,0,0,0,0,0,0,0,0,0,0,0,0,0,0,0,0,0,0,0,0,0,0,0,0,0,0,0,0,0,0,1225.157,1212.346,1088.827,1357.769,1315.764,1092.783,707.5139,1161.6698,1251.127,1279.399,1379.399
cogs_broadway_and_w_30th,0,0,0,0,0,0,0,0,0,0,0,0,0,0,0,0,0,0,0,0,0,0,0,0,0,0,0,0,0,0,0,0,0,0,0,0,0,0,0,0,0,0,0,0,0,0,0,0,0,0,0,0,0,0,0,0,0,0,0,0,0,0,0,1504.527,328.3917,310.6245,300.1569,310.2995,297.8023,176.9509,364.18729,444.1876,429.1128,529.1128
cogs_broadway_and_w_79th,0,0,0,0,0,0,0,0,0,0,0,0,0,0,0,0,0,0,0,0,0,0,0,0,0,0,0,0,0,0,0,0,0,0,0,0,0,0,0,0,0,0,0,0,0,0,0,0,0,0,0,0,0,0,0,0,0,0,0,0,0,0,0,0,0,2970.401,1696.763,1774.696,1496.459,1094.145,1590.947,2339.819,2063.932,2163.932
cogs_brooklyn_commons,0,0,0,0,0,0,0,0,0,0,0,0,0,0,0,0,0,0,0,0,0,0,0,0,0,0,0,0,0,0,0,0,0,0,0,0,0,0,0,0,0,0,0,0,0,0,0,0,1910.0361,1173.259,1738.973,1421.095,1681.052,1472.724,1387.043,1031.929,1322.788,1512.8072,1865.983,2069.93,2404.741,2263.605,2180.885,2179.256,2450.467,2297.972,2561.303,2632.669,2469.331,1129.402,2292.328,2687.24,2852.858,2952.858
cogs_court_and_bergen,0,0,0,0,0,0,0,0,0,0,0,0,0,0,0,0,0,0,0,0,0,0,0,0,0,0,0,0,0,0,0,0,0,0,0,0,0,0,0,0,0,0,0,0,0,0,0,0,0,0,0,0,0,0,0,0,0,7051.698,4091.318,4163.755,4085.892,4314.176,4233.716,4937.228,4890.864,4495.098,4985.315,4989.1,4469.411,3289.77,4176.9192,4816.832,5460.261,5560.261
cogs_grand_army_plaza,0,0,0,0,0,0,0,0,0,0,0,0,0,0,0,0,0,0,0,0,0,0,0,0,0,0,0,0,0,0,0,0,0,0,0,0,0,0,0,0,0,0,0,0,0,0,0,0,0,4567.82,5943.54,6364.16,6548.82,5416.82,6301.02,5341.72,5806.76,5765.69,6939.18,7293.9,7130.01,8570.03,7424.77,8201.2,7287.81,6408.74,7855.83,7212.28,8499.36,3457.73,6871.49,6052.23,4947.92,5047.92
cogs_jay_and_water,0,0,0,0,0,0,0,0,0,0,0,0,0,0,0,0,0,0,0,0,0,0,0,0,0,0,0,0,0,0,0,0,0,0,0,0,0,0,0,0,0,0,0,0,0,0,0,0,0,0,0,0,2565.6955,3311.996,2742.117,2766.736,3167.988,2505.9015,2706.211,2555.681,3654.373,2302.431,2796.301,3416.017,2664.915,3021.903,2923.079,3054.027,3324.318,1966.375,3187.8512,3259.011,3263.948,3363.948
cogs_lafayette_and_spring,0,0,0,0,0,0,0,0,0,0,0,0,0,0,0,0,0,0,0,0,0,0,0,0,0,0,0,0,0,0,0,0,0,0,0,0,2092.687,1994.436,2668.944,2797.156,2953.367,3354.365,3288.616,2928.366,3113.5375,3628.474,3765.937,3940.107,3574.633,3442.87,3557.603,3788.288,3772.1464,3184.764,2666.411,2783.358,2825.043,2861.543,3432.006,3583.901,3588.623,3533.111,3756.357,4105.61,4135.229,3810.011,3936.411,4081.213,3848.491,2274.6136,3755.66906,4614.697,4769.894,4869.894
cogs_lincoln_place_and_5th_ave,0,0,0,0,0,0,0,0,0,0,0,0,0,0,0,0,0,0,0,0,0,0,0,0,0,0,0,0,0,0,0,0,0,0,0,0,0,0,0,0,0,0,0,0,0,0,0,0,0,0,0,0,0,0,0,0,0,0,0,0,0,0,0,0,0,0,0,0,0,0,27.15456,21.16432,0,100
cogs_madison_square_park,0,0,0,0,0,0,0,0,0,0,0,0,0,0,0,0,0,0,0,0,0,0,0,0,0,0,0,0,0,0,0,0,0,0,0,0,0,0,0,0,0,0,0,0,0,0,0,0,0,1071.45,1207.95,1089.7,422.31,759.66,769.43,600.36,940.03,911.24,1169.37,1155.35,1264.76,1259.67,1344.94,1615.75,1362.82,1176.4,1474.72,702.77,946,780.3093,515.7661,818.1054,765.3362,865.3362
cogs_mccarren_park_north,0,0,0,0,0,0,0,0,0,0,0,0,0,0,0,0,0,0,0,0,0,0,0,0,0,0,0,0,0,0,0,0,0,0,0,0,0,0,0,0,0,0,0,0,3257.01,2878.88,2740.357,2324.236,1773.3378,1993.983,1835.973,2132.852,2479.0599,1931.604,1589.552,1435.572,1683.143,1536.5821,312.8414,1502.912,533.8611,54.25859,0,0,0,0,24.18022,0,0,0,0,0,0,100
cogs_mccarren_park_south,0,0,0,0,0,0,0,0,0,0,0,0,0,0,0,0,0,0,0,0,0,0,0,0,0,0,0,0,0,0,0,0,0,0,0,0,0,0,0,0,0,0,0,0,0,0,3138.693,2707.247,1952.9952,1851.588,2441.64,2288.23,2684.9463,1968.189,1694.505,1783.621,2247.192,1860.2152,2554.199,2143.756,2299.804,2018.8111,2339.644,2603.843,2172.869,2239.416,2418.541,2257.569,2396.851,1388.341,2108.9583,2159.827,2101.557,2201.557
cogs_smith_and_pacific,0,0,0,0,0,0,0,0,0,0,0,0,0,0,0,0,0,0,0,0,0,0,0,0,0,0,0,0,0,0,0,0,0,0,0,0,0,0,0,0,0,0,0,0,0,0,0,0,0,0,1120.669,1856.862,2817.034,2187.75,1763.732,1390.747,1724.71,1524.685,1754.505,2297.932,2350.256,893.4845,809.1272,1415.219,910.7331,1170.351,866.129,1419.163,1103.664,0,1057.78064,1497.622,1273.117,1373.117
cogs_washington_square_park,0,0,0,0,0,0,0,0,0,0,0,0,0,0,0,0,0,0,0,0,0,0,0,0,0,0,0,0,0,0,0,0,0,0,0,0,0,0,0,0,0,0,0,0,0,0,0,0,0,0,0,0,0,0,913.2664,691.8489,795.4875,1040.9952,1561.161,1941.187,2373.474,1563.0784,795.8153,1534.592,2252.507,2100.159,2363.054,2197.865,2075.522,737.9307,1693.5883,2361.488,2942.929,3042.929
cogs_wythe_diner,517.146,1211.882,1232.123,1815.848,2215.808,1814.5383,1589.319,2499.619,2556.709,2276.7737,2774.268,2207.464,2629.891,2233.3979,3030.838,2814.947,2509.386,1875.299,2076.5188,2531.4,2363.916,1671.377,1623.2995,1860.761,2262.485,2090.692,1866.807,1638.919,1885.914,1776.154,2014.433,2315.379,2497.231,2288.054,2870.143,2380.633,2908.843,2868.148,3452.659,3680.925,3471.071,4073.962,4635.352,2989.901,3895.3975,4369.568,4159.345,4277.488,3586.193,3530.875,3623.737,3737.658,4229.3206,3482.869,3132.21,2644.432,2850.662,3086.634,3412.823,3552.473,3637.742,3458.997,3185.483,3554.548,3015.541,3112.239,2882.547,2571.27,2843.318,1324.123,2745.8806,3111.289,2871.108,2971.108
labor_13th_and_7th_ave,0,0,0,0,0,0,0,0,0,0,0,0,0,0,0,0,0,0,0,0,0,0,0,0,0,0,0,0,0,0,0,0,0,0,0,0,0,0,0,0,0,0,0,0,0,0,0,0,0,0,0,0,0,0,0,0,0,0,0,0,0,0,0,0,0,0,0,0,2735.153,2350.4,2658.033,2779.039,1694.063,1794.063
labor_21st_and_9th_ave,0,0,0,0,0,0,0,0,0,0,0,0,0,0,0,0,0,0,0,0,0,0,0,0,0,0,0,0,0,0,0,0,0,0,0,0,0,0,0,0,0,0,0,0,0,0,0,0,0,0,0,0,0,0,0,0,0,0,0,0,0,0,0,0,0,0,0,1150.902,740.6277,0,2821.2853,3530.374,3234.477,3334.477
labor_5th_ave_and_lincoln_place,0,0,0,0,0,0,0,0,0,0,0,0,0,0,0,0,0,0,0,0,0,0,0,0,0,0,0,0,0,0,0,0,0,0,0,0,0,0,0,0,0,0,0,0,0,0,0,0,0,0,0,0,0,0,0,0,0,0,0,0,0,0,0,0,0,0,0,0,0,0,0,0,3259.086,3359.086
labor_71st_and_lex,0,0,0,0,0,0,0,0,0,0,0,0,0,0,0,0,0,0,0,0,0,0,0,0,0,0,0,0,0,0,0,0,0,0,0,0,0,0,0,0,0,0,0,0,0,0,0,0,0,0,0,0,0,0,0,0,2764.884,2609.8029,2729.829,2487.6,2593.36,2558.919,2713.928,2673.123,2948.128,2143.952,2572.023,2903.568,2925.521,1943.928,2317.9145,2208.602,2928.965,3028.965
labor_80th_and_lex,0,0,0,0,0,0,0,0,0,0,0,0,0,0,0,0,0,0,0,0,0,0,0,0,0,0,0,0,0,0,0,0,0,0,0,0,0,0,0,0,0,0,0,0,0,0,0,0,0,0,0,0,0,0,0,0,0,0,0,0,0,0,0,0,0,0,0,0,0,0,1258.632,2455.826,2509.908,2609.908
labor_88th_and_madison,0,0,0,0,0,0,0,0,0,0,0,0,0,0,0,0,0,0,0,0,0,0,0,0,0,0,0,0,0,0,0,0,0,0,0,0,0,0,0,0,0,0,0,0,0,0,0,0,0,0,0,0,0,0,0,0,0,0,0,0,0,0,0,0,0,0,0,0,0,0,1966.9153,2437.441,2679.861,2779.861
labor_9th_and_3rd_ave,0,0,0,0,0,0,0,0,0,0,0,0,0,0,0,0,0,0,0,0,0,0,0,0,0,0,0,0,0,0,0,0,0,0,0,0,0,0,0,0,0,0,0,0,0,0,0,0,0,0,0,0,0,0,0,0,0,0,0,0,0,0,0,0,0,1925.475,2772.533,3353.025,2865.414,2075.506,2875.1486,2540.944,1623.613,1723.613
labor_9th_and_ave_a,0,0,0,0,0,0,0,0,0,0,0,0,0,0,0,0,0,0,0,0,0,0,0,0,0,0,0,0,0,0,0,0,0,0,0,0,0,0,0,0,0,0,0,0,0,0,0,0,0,0,0,0,0,0,0,0,0,0,0,0,0,0,0,0,0,0,0,0,1518.683,2394.03,2485.922,2432.196,2354.754,2454.754
labor_bedford_and_grand,0,0,0,0,0,0,0,0,0,0,0,0,0,0,0,0,0,0,0,0,0,0,0,0,0,0,0,0,0,1282.933,1986.049,1486.12,1393.996,1886.307,1421.576,1304.9262,1367.813,1443.769,1380.136,1385.656,1354.015,1839.302,1889.741,1764.246,1993.2836,1812.831,1900.637,1682.397,2309.491,2416.829,2083.07,2145.053,2224.9478,2155.013,2065.969,2408.586,3166.823,2155.3801,2288.12,2700.275,2440.641,2364.9311,1964.498,2089.56,2316.583,2314.707,2404.18,2783.969,2595.405,1774.177,2749.314,1485.604,2539.177,2639.177
labor_bedford_and_n_7th,0,0,0,0,0,0,0,0,0,0,0,0,0,0,0,0,0,0,0,0,0,0,0,0,0,875.8858,2064.345,2044.748,2532.15,1902.357,2212.361,1942.5,1796.854,1468.7,2033.915,1965.37,1778.855,1979.405,1879.201,1882.6991,1840.809,2137.894,2100.474,1978.054,1524.103,3445.702,2030.229,1905.583,2252.392,2103.792,1885.28,1953.66,1828.593,1970.411,1941.43,1645.188,1848.29,1876.5299,1861.175,1884.845,1909.069,2572.986,2091.67,2277.639,2172.467,1888.517,1972.85,2276.379,2348.875,1679.439,1685.3708,1756.995,1672.588,1772.588
labor_bergen_and_nevins,0,0,0,0,0,0,0,0,0,0,0,0,0,0,0,0,0,0,0,0,0,0,0,0,0,0,0,0,0,0,0,0,0,0,0,0,0,0,0,0,0,1622.383,1847.17,1763.41,1661.2695,1449.9,1517.63,1462.92,1500.9125,1462.042,1631.789,2146.53,1542.3062,2874.666,1369.473,2098.264,2030.451,1970.2467,1463.577,1582.567,2007.037,2048.6173,2004.128,2374.765,2096.282,2192.308,2220.707,1977.038,1740.749,1628.128,1842.8256,1815.904,1824.145,1924.145
labor_bleecker_and_7th_ave,0,0,0,0,0,0,0,0,0,0,0,0,0,0,0,0,0,0,0,0,0,0,0,0,0,0,0,0,0,0,0,0,0,0,0,0,0,0,0,0,0,0,0,0,0,0,0,0,0,0,0,0,0,0,0,0,0,0,0,0,0,0,0,0,0,0,0,0,0,0,2777.8489,3463.386,2104.443,2204.443
labor_bowery_market,0,0,0,0,0,0,0,0,0,0,0,0,0,0,0,0,0,0,0,0,0,0,0,0,0,0,0,0,0,0,0,0,0,0,0,0,0,0,0,0,0,0,0,0,0,0,0,0,0,0,0,0,0,0,0,0,0,0,0,0,0,0,0,1683.451,2817.49,2462.158,2220.84,2657.488,2208.71,1871.478,1452.3802,1232.476,1397.042,1497.042
labor_broadway_and_w_30th,0,0,0,0,0,0,0,0,0,0,0,0,0,0,0,0,0,0,0,0,0,0,0,0,0,0,0,0,0,0,0,0,0,0,0,0,0,0,0,0,0,0,0,0,0,0,0,0,0,0,0,0,0,0,0,0,0,0,0,0,0,0,0,1801.034,2725.674,1764.689,1234.34,1538.93,1591.37,1387.73,1148.1997,2167.881,1276.657,1376.657
labor_broadway_and_w_79th,0,0,0,0,0,0,0,0,0,0,0,0,0,0,0,0,0,0,0,0,0,0,0,0,0,0,0,0,0,0,0,0,0,0,0,0,0,0,0,0,0,0,0,0,0,0,0,0,0,0,0,0,0,0,0,0,0,0,0,0,0,0,0,0,0,2319.379,2722.75,3602.52,2911.675,2031.32,1938.5104,2033.53,2227.569,2327.569
labor_brooklyn_commons,0,0,0,0,0,0,0,0,0,0,0,0,0,0,0,0,0,0,0,0,0,0,0,0,0,0,0,0,0,0,0,0,0,0,0,0,0,0,0,0,0,0,0,0,0,0,0,0,901.4074,1853.247,2684.333,1954.753,2263.694,1149.286,1657.282,2257.312,1932.1,1892.5304,1950.929,2028.3,2581.992,1806.6396,2131.822,2201.418,2358.734,2276.361,2183.53,2335.47,2276.278,1620.651,2327.0296,2563.366,2569.63,2669.63
labor_court_and_bergen,0,0,0,0,0,0,0,0,0,0,0,0,0,0,0,0,0,0,0,0,0,0,0,0,0,0,0,0,0,0,0,0,0,0,0,0,0,0,0,0,0,0,0,0,0,0,0,0,0,0,0,0,0,0,0,0,0,2256.8007,2358.144,2556.816,3463.89,3051.492,3762.825,3962.985,3880.065,3501.415,3515.909,3406.183,3641.984,3333.014,3501.802,3770.16,3434.061,3534.061
labor_grand_army_plaza,0,0,0,0,0,0,0,0,0,0,0,0,0,0,0,0,0,0,0,0,0,0,0,0,0,0,0,0,0,0,0,0,0,0,0,0,0,0,0,0,0,0,0,0,0,0,0,0,0,0,0,0,0,0,0,0,0,0,0,0,0,0,0,0,0,0,0,0,0,0,0,0,0,100
labor_jay_and_water,0,0,0,0,0,0,0,0,0,0,0,0,0,0,0,0,0,0,0,0,0,0,0,0,0,0,0,0,0,0,0,0,0,0,0,0,0,0,0,0,0,0,0,0,0,0,0,0,0,0,0,0,903.7147,1981.876,1634.817,1750.883,1573.973,1400.2275,1667.423,1620.035,1444.376,2044.5889,2462.27,2080.267,1816.617,2333.742,2169.122,2292.808,2077.036,2045.045,2251.7415,2147.307,2067.888,2167.888
labor_lafayette_and_spring,0,0,0,0,0,0,0,0,0,0,0,0,0,0,0,0,0,0,0,0,0,0,0,0,0,0,0,0,0,0,0,0,0,0,0,0,1034.159,1972.17,1931.61,2379.1803,2165.43,2145.71,2197.39,2144.81,2158.5797,2210.99,2168.96,2151.32,1939.7199,1965.858,2063.68,2334.088,2333.308,2859.327,2864.714,2809.072,3136.061,2649.3172,2258.982,3087.35,3007,2802.39,3418.881,3265.898,3108.671,3174.828,2958.553,3376.667,3306.526,2723.477,3258.5523,3197.995,2749.493,2849.493
labor_lincoln_place_and_5th_ave,0,0,0,0,0,0,0,0,0,0,0,0,0,0,0,0,0,0,0,0,0,0,0,0,0,0,0,0,0,0,0,0,0,0,0,0,0,0,0,0,0,0,0,0,0,0,0,0,0,0,0,0,0,0,0,0,0,0,0,0,0,0,0,0,0,0,0,0,0,0,0,0,0,100
labor_madison_square_park,0,0,0,0,0,0,0,0,0,0,0,0,0,0,0,0,0,0,0,0,0,0,0,0,0,0,0,0,0,0,0,0,0,0,0,0,0,0,0,0,0,0,0,0,0,0,0,0,0,0,0,0,0,0,0,0,0,0,0,0,0,0,0,0,0,0,0,0,0,833.0042,2506.3598,1798.036,2088.597,2188.597
labor_mccarren_park_north,0,0,0,0,0,0,0,0,0,0,0,0,0,0,0,0,0,0,0,0,0,0,0,0,0,0,0,0,0,0,0,0,0,0,0,0,0,0,0,0,0,0,0,0,2090.729,2684.731,3091.851,3310.3,2693.7914,2297.964,1948.396,2025.415,1971.2868,2209.696,2227.497,1646.112,2265.174,2115.896,3460.379,2089.059,2443.639,0,0,0,0,0,0,0,0,0,0,0,0,100
labor_mccarren_park_south,0,0,0,0,0,0,0,0,0,0,0,0,0,0,0,0,0,0,0,0,0,0,0,0,0,0,0,0,0,0,0,0,0,0,0,0,0,0,0,0,0,0,0,0,0,0,744.1418,2484.111,2347.2988,2133.843,2255.257,1856.928,2298.2927,2150.014,2334.477,1784.894,1855.291,2274.5137,2270.391,1935.258,2237.673,1578.8321,2173.79,2753.444,2733.05,2635.585,1934.772,1794.01,1606.46,1918.952,1872.3361,2766.439,1296.009,1396.009
labor_smith_and_pacific,0,0,0,0,0,0,0,0,0,0,0,0,0,0,0,0,0,0,0,0,0,0,0,0,0,0,0,0,0,0,0,0,0,0,0,0,0,0,0,0,0,0,0,0,0,0,0,0,0,0,1001.386,2837.726,2229.4385,2107.145,1892.574,2078.541,2368.43,2185.3687,1670.837,1596.311,1558.225,905.5823,1107.79,1792.037,2017.331,1446.609,1313.902,2091.741,2054.141,1648.242,1717.3222,2163.143,1852.625,1952.625
labor_washington_square_park,0,0,0,0,0,0,0,0,0,0,0,0,0,0,0,0,0,0,0,0,0,0,0,0,0,0,0,0,0,0,0,0,0,0,0,0,0,0,0,0,0,0,0,0,0,0,0,0,0,0,0,0,0,0,1918.666,2312.379,2024.223,2325.556,1940.848,1803.44,2082.4,1667.2915,762.6355,1359.664,2278.066,2088.413,2133.65,1899.015,2189.672,2235.774,2083.9605,1807.344,2071.819,2171.819
labor_wythe_diner,0,0,604.64,712.43,1478.97,1524.2502,1027.64,1492.31,836.67,919.22,1503.33,1647.93,1582.1,1975.4204,1676.17,1418.18,1516.17,1218.77,1417.1697,2052.96,2580.04,1115.03,1899.0295,1751.17,1711.47,2495.834,1729.005,1589.122,2079.37,1812.82,1317.46,1581.09,1618.79,2046.573,2442.829,2434.1938,2610.673,2862.236,2219.573,2146.2851,2235.256,2589.951,2759.295,2712.019,2494.6748,3108.346,2607.241,2853.689,2569.436,2756.244,2629.4,2600.517,2576.8995,2634.546,2577.541,2593.19,2867.01,2595.8204,2595.355,2679.793,3327.838,2726.7,2861.291,3076.546,2677.13,2940.641,2743.458,2815.765,2751.31,2373.475,2799.1993,3303.842,2042.206,2142.206
brex_13th_and_7th_ave,0,0,0,0,0,0,0,0,0,0,0,0,0,0,0,0,0,0,0,0,0,0,0,0,0,0,0,0,0,0,0,0,0,0,0,0,0,0,0,0,0,0,0,0,0,0,0,0,0,0,0,0,0,0,0,0,0,0,0,0,0,0,0,0,0,0,0,0,0,0,0,0,0,10
brex_21st_and_9th_ave,0,0,0,0,0,0,0,0,0,0,0,0,0,0,0,0,0,0,0,0,0,0,0,0,0,0,0,0,0,0,0,0,0,0,0,0,0,0,0,0,0,0,0,0,0,0,0,0,0,0,0,0,0,0,0,0,0,0,0,0,0,0,0,0,0,0,0,0,0,0,0,0,0,10
brex_5th_ave_and_lincoln_place,0,0,0,0,0,0,0,0,0,0,0,0,0,0,0,0,0,0,0,0,0,0,0,0,0,0,0,0,0,0,0,0,0,0,0,0,0,0,0,0,0,0,0,0,0,0,0,0,0,0,0,0,0,0,0,0,0,0,0,0,0,0,0,0,0,0,0,0,0,0,0,0,0,10
brex_71st_and_lex,0,0,0,0,0,0,0,0,0,0,0,0,0,0,0,0,0,0,0,0,0,0,0,0,0,0,0,0,0,0,0,0,0,0,0,0,0,0,0,0,0,0,0,0,0,0,0,0,0,0,0,0,0,0,0,0,0,0,0,0,0,0,0,0,0,0,0,0,0,0,0,0,0,10
brex_80th_and_lex,0,0,0,0,0,0,0,0,0,0,0,0,0,0,0,0,0,0,0,0,0,0,0,0,0,0,0,0,0,0,0,0,0,0,0,0,0,0,0,0,0,0,0,0,0,0,0,0,0,0,0,0,0,0,0,0,0,0,0,0,0,0,0,0,0,0,0,0,0,0,0,0,0,10
brex_88th_and_madison,0,0,0,0,0,0,0,0,0,0,0,0,0,0,0,0,0,0,0,0,0,0,0,0,0,0,0,0,0,0,0,0,0,0,0,0,0,0,0,0,0,0,0,0,0,0,0,0,0,0,0,0,0,0,0,0,0,0,0,0,0,0,0,0,0,0,0,0,0,0,0,0,0,10
brex_9th_and_3rd_ave,0,0,0,0,0,0,0,0,0,0,0,0,0,0,0,0,0,0,0,0,0,0,0,0,0,0,0,0,0,0,0,0,0,0,0,0,0,0,0,0,0,0,0,0,0,0,0,0,0,0,0,0,0,0,0,0,0,0,0,0,0,0,0,0,0,0,0,0,0,0,0,0,0,10
brex_9th_and_ave_a,0,0,0,0,0,0,0,0,0,0,0,0,0,0,0,0,0,0,0,0,0,0,0,0,0,0,0,0,0,0,0,0,0,0,0,0,0,0,0,0,0,0,0,0,0,0,0,0,0,0,0,0,0,0,0,0,0,0,0,0,0,0,0,0,0,0,0,0,0,0,0,0,0,10
brex_bedford_and_grand,0,0,0,0,0,0,0,0,0,0,0,0,0,0,0,0,0,0,0,0,0,0,0,0,0,0,0,0,0,500,500,500,500,500,500,500,500,500,500,500,500,500,500,500,499.99997,500,500,500,214.2857,0,0,0,0,0,0,0,0,0,0,0,0,0,0,0,0,0,0,0,0,0,0,0,0,10
brex_bedford_and_n_7th,0,0,0,0,0,0,0,0,0,0,0,0,0,0,0,0,0,0,0,0,0,0,0,0,0,500,500,500,500,500,500,500,500,500,500,500,500,500,500,500,500,500,500,500,499.99997,500,500,500,214.2857,0,0,0,0,0,0,0,0,0,0,0,0,0,0,0,0,0,0,0,0,0,0,0,0,10
brex_bergen_and_nevins,0,0,0,0,0,0,0,0,0,0,0,0,0,0,0,0,0,0,0,0,0,0,0,0,0,0,0,0,0,0,0,0,0,0,0,0,0,0,0,0,500,500,500,500,499.99997,500,500,500,214.2857,0,0,0,0,0,0,0,0,0,0,0,0,0,0,0,0,0,0,0,0,0,0,0,0,10
brex_bleecker_and_7th_ave,0,0,0,0,0,0,0,0,0,0,0,0,0,0,0,0,0,0,0,0,0,0,0,0,0,0,0,0,0,0,0,0,0,0,0,0,0,0,0,0,0,0,0,0,0,0,0,0,0,0,0,0,0,0,0,0,0,0,0,0,0,0,0,0,0,0,0,0,0,0,0,0,0,10
brex_bowery_market,0,0,0,0,0,0,0,0,0,0,0,0,0,0,0,0,0,0,0,0,0,0,0,0,0,0,0,0,0,0,0,0,0,0,0,0,0,0,0,0,0,0,0,0,0,0,0,0,0,0,0,0,0,0,0,0,0,0,0,0,0,0,0,0,0,0,0,0,0,0,0,0,0,10
brex_broadway_and_w_30th,0,0,0,0,0,0,0,0,0,0,0,0,0,0,0,0,0,0,0,0,0,0,0,0,0,0,0,0,0,0,0,0,0,0,0,0,0,0,0,0,0,0,0,0,0,0,0,0,0,0,0,0,0,0,0,0,0,0,0,0,0,0,0,0,0,0,0,0,0,0,0,0,0,10
brex_broadway_and_w_79th,0,0,0,0,0,0,0,0,0,0,0,0,0,0,0,0,0,0,0,0,0,0,0,0,0,0,0,0,0,0,0,0,0,0,0,0,0,0,0,0,0,0,0,0,0,0,0,0,0,0,0,0,0,0,0,0,0,0,0,0,0,0,0,0,0,0,0,0,0,0,0,0,0,10
brex_brooklyn_commons,0,0,0,0,0,0,0,0,0,0,0,0,0,0,0,0,0,0,0,0,0,0,0,0,0,0,0,0,0,0,0,0,0,0,0,0,0,0,0,0,0,0,0,0,0,0,0,0,166.6667,0,0,0,0,0,0,0,0,0,0,0,0,0,0,0,0,0,0,0,0,0,0,0,0,10
brex_court_and_bergen,0,0,0,0,0,0,0,0,0,0,0,0,0,0,0,0,0,0,0,0,0,0,0,0,0,0,0,0,0,0,0,0,0,0,0,0,0,0,0,0,0,0,0,0,0,0,0,0,0,0,0,0,0,0,0,0,0,0,0,0,0,0,0,0,0,0,0,0,0,0,0,0,0,10
brex_grand_army_plaza,0,0,0,0,0,0,0,0,0,0,0,0,0,0,0,0,0,0,0,0,0,0,0,0,0,0,0,0,0,0,0,0,0,0,0,0,0,0,0,0,0,0,0,0,0,0,0,0,0,0,0,0,0,0,0,0,0,0,0,0,0,0,0,0,0,0,0,0,0,0,0,0,0,10
brex_jay_and_water,0,0,0,0,0,0,0,0,0,0,0,0,0,0,0,0,0,0,0,0,0,0,0,0,0,0,0,0,0,0,0,0,0,0,0,0,0,0,0,0,0,0,0,0,0,0,0,0,0,0,0,0,420.76,1434.87,92.31,375.51,385.09,243.8,482.64,1496.99,1487.9,312.22,0,0,0,0,0,0,0,0,0,0,0,10
brex_lafayette_and_spring,0,0,0,0,0,0,0,0,0,0,0,0,0,0,0,0,0,0,0,0,0,0,0,0,0,0,0,0,0,0,0,0,0,0,0,0,500,500,500,500,500,500,500,500,499.99997,500,500,500,214.2857,0,0,0,0,0,0,0,0,0,0,0,0,0,0,0,0,0,0,0,0,0,0,0,0,10
brex_lincoln_place_and_5th_ave,0,0,0,0,0,0,0,0,0,0,0,0,0,0,0,0,0,0,0,0,0,0,0,0,0,0,0,0,0,0,0,0,0,0,0,0,0,0,0,0,0,0,0,0,0,0,0,0,0,0,0,0,0,0,0,0,0,0,0,0,0,0,0,0,0,0,0,0,0,0,0,0,0,10
brex_madison_square_park,0,0,0,0,0,0,0,0,0,0,0,0,0,0,0,0,0,0,0,0,0,0,0,0,0,0,0,0,0,0,0,0,0,0,0,0,0,0,0,0,0,0,0,0,0,0,0,0,0,0,0,0,0,0,0,0,0,0,0,0,0,0,0,0,0,0,0,0,0,0,0,0,0,10
brex_mccarren_park_north,0,0,0,0,0,0,0,0,0,0,0,0,0,0,0,0,0,0,0,0,0,0,0,0,0,0,0,0,0,0,0,0,0,0,0,0,0,0,0,0,0,0,0,0,500,500,500,500,214.2857,0,0,0,0,0,0,0,0,0,0,0,0,0,0,0,0,0,0,0,0,0,0,0,0,10
brex_mccarren_park_south,0,0,0,0,0,0,0,0,0,0,0,0,0,0,0,0,0,0,0,0,0,0,0,0,0,0,0,0,0,0,0,0,0,0,0,0,0,0,0,0,0,0,0,0,0,0,500,500,214.2857,0,0,0,0,0,0,0,0,0,0,0,0,0,0,0,0,0,0,0,0,0,0,0,0,10
brex_smith_and_pacific,0,0,0,0,0,0,0,0,0,0,0,0,0,0,0,0,0,0,0,0,0,0,0,0,0,0,0,0,0,0,0,0,0,0,0,0,0,0,0,0,0,0,0,0,0,0,0,0,0,0,0,0,0,0,0,0,0,0,0,0,0,0,0,0,0,0,0,0,0,0,0,0,0,10
brex_washington_square_park,0,0,0,0,0,0,0,0,0,0,0,0,0,0,0,0,0,0,0,0,0,0,0,0,0,0,0,0,0,0,0,0,0,0,0,0,0,0,0,0,0,0,0,0,0,0,0,0,0,0,0,0,0,0,0,0,0,0,0,0,0,0,0,0,0,0,0,0,0,0,0,0,0,10
brex_wythe_diner,500,500,500,500,500,499.99997,500,500,500,500,500,500,500,499.99997,500,500,500,500,499.99997,500,500,500,500,500,500,500,500,500,500,500,500,500,500,500,500,500,500,500,500,500,500,500,500,500,499.99997,500,500,500,214.2857,0,0,0,0,0,0,0,0,0,0,0,0,0,0,0,0,0,0,0,0,0,0,0,0,10
other_13th_and_7th_ave,0,0,0,0,0,0,0,0,0,0,0,0,0,0,0,0,0,0,0,0,0,0,0,0,0,0,0,0,0,0,0,0,0,0,0,0,0,0,0,0,0,0,0,0,0,0,0,0,0,0,0,0,0,0,0,0,0,0,0,0,0,0,0,0,0,0,0,0,392,392,382,378,378,478
other_21st_and_9th_ave,0,0,0,0,0,0,0,0,0,0,0,0,0,0,0,0,0,0,0,0,0,0,0,0,0,0,0,0,0,0,0,0,0,0,0,0,0,0,0,0,0,0,0,0,0,0,0,0,0,0,0,0,0,0,0,0,0,0,0,0,0,0,0,0,0,0,0,392,392,0,382,378,378,478
other_5th_ave_and_lincoln_place,0,0,0,0,0,0,0,0,0,0,0,0,0,0,0,0,0,0,0,0,0,0,0,0,0,0,0,0,0,0,0,0,0,0,0,0,0,0,0,0,0,0,0,0,0,0,0,0,0,0,0,0,0,0,0,0,0,0,0,0,0,0,0,0,0,0,0,0,0,0,0,378,378,478
other_71st_and_lex,0,0,0,0,0,0,0,0,0,0,0,0,0,0,0,0,0,0,0,0,0,0,0,0,0,0,0,0,0,0,0,0,0,0,0,0,0,0,0,0,0,0,0,0,0,0,0,0,0,0,0,0,0,0,0,0,378,388,392,392,392,386,378,378,378,378,392,392,392,392,382,378,378,478
other_80th_and_lex,0,0,0,0,0,0,0,0,0,0,0,0,0,0,0,0,0,0,0,0,0,0,0,0,0,0,0,0,0,0,0,0,0,0,0,0,0,0,0,0,0,0,0,0,0,0,0,0,0,0,0,0,0,0,0,0,0,0,0,0,0,0,0,0,0,0,0,0,0,0,382,378,378,478
other_88th_and_madison,0,0,0,0,0,0,0,0,0,0,0,0,0,0,0,0,0,0,0,0,0,0,0,0,0,0,0,0,0,0,0,0,0,0,0,0,0,0,0,0,0,0,0,0,0,0,0,0,0,0,0,0,0,0,0,0,0,0,0,0,0,0,0,0,0,0,0,0,0,0,382,378,378,478
other_9th_and_3rd_ave,0,0,0,0,0,0,0,0,0,0,0,0,0,0,0,0,0,0,0,0,0,0,0,0,0,0,0,0,0,0,0,0,0,0,0,0,0,0,0,0,0,0,0,0,0,0,0,0,0,0,0,0,0,0,0,0,0,0,0,0,0,0,0,0,0,378,392,392,392,392,382,378,378,478
other_9th_and_ave_a,0,0,0,0,0,0,0,0,0,0,0,0,0,0,0,0,0,0,0,0,0,0,0,0,0,0,0,0,0,0,0,0,0,0,0,0,0,0,0,0,0,0,0,0,0,0,0,0,0,0,0,0,0,0,0,0,0,0,0,0,0,0,0,0,0,0,0,0,392,392,382,378,378,478
other_bedford_and_grand,0,0,0,0,0,0,0,0,0,0,0,0,0,0,0,0,0,0,0,0,0,0,0,0,0,0,0,0,0,420,420,378,378,378,378,386,392,392,392,388,378,378,378,378,390,392,392,392,384,378,378,378,378,378,378,378,378,388,392,392,392,386,378,378,378,378,392,392,392,392,382,378,378,478
other_bedford_and_n_7th,0,0,0,0,0,0,0,0,0,0,0,0,0,0,0,0,0,0,0,0,0,0,0,0,0,378,378,420,420,420,420,378,378,378,378,386,392,392,392,388,378,378,378,378,390,392,392,392,384,378,378,378,378,378,378,378,378,388,392,392,392,386,378,378,378,378,392,392,392,392,382,378,378,478
other_bergen_and_nevins,0,0,0,0,0,0,0,0,0,0,0,0,0,0,0,0,0,0,0,0,0,0,0,0,0,0,0,0,0,0,0,0,0,0,0,0,0,0,0,0,378,378,378,378,390,392,392,392,384,378,378,378,378,378,378,378,378,388,392,392,392,386,378,378,378,378,392,392,392,392,382,378,378,478
other_bleecker_and_7th_ave,0,0,0,0,0,0,0,0,0,0,0,0,0,0,0,0,0,0,0,0,0,0,0,0,0,0,0,0,0,0,0,0,0,0,0,0,0,0,0,0,0,0,0,0,0,0,0,0,0,0,0,0,0,0,0,0,0,0,0,0,0,0,0,0,0,0,0,0,0,392,382,378,378,478
other_bowery_market,0,0,0,0,0,0,0,0,0,0,0,0,0,0,0,0,0,0,0,0,0,0,0,0,0,0,0,0,0,0,0,0,0,0,0,0,0,0,0,0,0,0,0,0,0,0,0,0,0,0,0,0,0,0,0,0,0,0,0,0,0,0,0,378,378,378,392,392,392,392,382,378,378,478
other_broadway_and_w_30th,0,0,0,0,0,0,0,0,0,0,0,0,0,0,0,0,0,0,0,0,0,0,0,0,0,0,0,0,0,0,0,0,0,0,0,0,0,0,0,0,0,0,0,0,0,0,0,0,0,0,0,0,0,0,0,0,0,0,0,0,0,0,0,378,378,378,392,392,392,392,382,378,378,478
other_broadway_and_w_79th,0,0,0,0,0,0,0,0,0,0,0,0,0,0,0,0,0,0,0,0,0,0,0,0,0,0,0,0,0,0,0,0,0,0,0,0,0,0,0,0,0,0,0,0,0,0,0,0,0,0,0,0,0,0,0,0,0,0,0,0,0,0,0,0,0,378,392,392,392,392,382,378,378,478
other_brooklyn_commons,0,0,0,0,0,0,0,0,0,0,0,0,0,0,0,0,0,0,0,0,0,0,0,0,0,0,0,0,0,0,0,0,0,0,0,0,0,0,0,0,0,0,0,0,0,0,0,0,618,609,609,609,609,609,609,609,609,624,630,630,630,621,609,609,609,609,630,630,630,630,615,609,609,709
other_court_and_bergen,0,0,0,0,0,0,0,0,0,0,0,0,0,0,0,0,0,0,0,0,0,0,0,0,0,0,0,0,0,0,0,0,0,0,0,0,0,0,0,0,0,0,0,0,0,0,0,0,0,0,0,0,0,0,0,0,378,388,392,392,392,386,378,378,378,378,392,392,392,392,382,378,378,478
other_grand_army_plaza,0,0,0,0,0,0,0,0,0,0,0,0,0,0,0,0,0,0,0,0,0,0,0,0,0,0,0,0,0,0,0,0,0,0,0,0,0,0,0,0,0,0,0,0,0,0,0,0,0,0,0,0,0,0,0,0,0,0,0,0,0,0,0,0,0,0,0,0,0,0,0,0,0,100
other_jay_and_water,0,0,0,0,0,0,0,0,0,0,0,0,0,0,0,0,0,0,0,0,0,0,0,0,0,0,0,0,0,0,0,0,0,0,0,0,0,0,0,0,0,0,0,0,0,0,0,0,0,0,0,0,378,378,378,378,378,388,392,392,392,386,378,378,378,378,392,392,392,392,382,378,378,478
other_lafayette_and_spring,0,0,0,0,0,0,0,0,0,0,0,0,0,0,0,0,0,0,0,0,0,0,0,0,0,0,0,0,0,0,0,0,0,0,0,0,392,392,392,388,378,378,378,378,390,392,392,392,384,378,378,378,378,378,378,378,378,388,392,392,392,386,378,378,378,378,392,392,392,784,764,756,378,478
other_lincoln_place_and_5th_ave,0,0,0,0,0,0,0,0,0,0,0,0,0,0,0,0,0,0,0,0,0,0,0,0,0,0,0,0,0,0,0,0,0,0,0,0,0,0,0,0,0,0,0,0,0,0,0,0,0,0,0,0,0,0,0,0,0,0,0,0,0,0,0,0,0,0,0,0,0,0,0,0,0,100
other_madison_square_park,0,0,0,0,0,0,0,0,0,0,0,0,0,0,0,0,0,0,0,0,0,0,0,0,0,0,0,0,0,0,0,0,0,0,0,0,0,0,0,0,0,0,0,0,0,0,0,0,0,0,0,0,0,0,0,0,0,0,0,0,0,0,0,0,0,0,0,0,0,392,382,378,378,478
other_mccarren_park_north,0,0,0,0,0,0,0,0,0,0,0,0,0,0,0,0,0,0,0,0,0,0,0,0,0,0,0,0,0,0,0,0,0,0,0,0,0,0,0,0,0,0,0,0,336,392,392,392,384,378,378,378,378,378,378,378,378,388,392,392,392,386,378,378,378,0,392,392,0,0,270,0,0,100
other_mccarren_park_south,0,0,0,0,0,0,0,0,0,0,0,0,0,0,0,0,0,0,0,0,0,0,0,0,0,0,0,0,0,0,0,0,0,0,0,0,0,0,0,0,0,0,0,0,0,0,392,392,384,378,378,378,378,378,378,378,378,388,392,392,392,386,378,378,378,378,392,392,392,392,382,378,378,478
other_smith_and_pacific,0,0,0,0,0,0,0,0,0,0,0,0,0,0,0,0,0,0,0,0,0,0,0,0,0,0,0,0,0,0,0,0,0,0,0,0,0,0,0,0,0,0,0,0,0,0,0,0,0,0,378,378,378,378,378,378,378,388,392,392,392,386,378,378,378,378,392,392,392,392,382,378,378,478
other_washington_square_park,0,0,0,0,0,0,0,0,0,0,0,0,0,0,0,0,0,0,0,0,0,0,0,0,0,0,0,0,0,0,0,0,0,0,0,0,0,0,0,0,0,0,0,0,0,0,0,0,0,0,0,0,324,378,378,378,378,388,392,392,392,386,378,378,378,378,392,392,392,392,382,378,378,478
other_wythe_diner,108,378,378,378,378,390,392,392,392,384,378,378,378,380,392,392,392,392,380,378,378,378,378,378,378,378,378,420,420,420,420,378,378,378,378,386,392,392,392,388,378,378,378,378,390,392,392,392,384,378,378,378,378,378,378,378,378,388,392,392,392,386,378,378,378,378,392,392,392,392,382,378,378,478
rent_13th_and_7th_ave,0,0,0,0,0,0,0,0,0,0,0,0,0,0,0,0,0,0,0,0,0,0,0,0,0,0,0,0,0,0,0,0,0,0,0,0,0,0,0,0,0,0,0,0,0,0,0,0,0,0,0,0,0,0,0,0,0,0,0,0,0,0,0,0,0,0,0,0,0,0,0,0,0,100
rent_21st_and_9th_ave,0,0,0,0,0,0,0,0,0,0,0,0,0,0,0,0,0,0,0,0,0,0,0,0,0,0,0,0,0,0,0,0,0,0,0,0,0,0,0,0,0,0,0,0,0,0,0,0,0,0,0,0,0,0,0,0,0,0,0,0,0,0,0,0,0,0,0,0,0,0,0,0,741.9355,841.9355
rent_5th_ave_and_lincoln_place,0,0,0,0,0,0,0,0,0,0,0,0,0,0,0,0,0,0,0,0,0,0,0,0,0,0,0,0,0,0,0,0,0,0,0,0,0,0,0,0,0,0,0,0,0,0,0,0,0,0,0,0,0,0,0,0,0,0,0,0,0,0,0,0,0,0,0,0,0,0,0,0,0,100
rent_71st_and_lex,0,0,0,0,0,0,0,0,0,0,0,0,0,0,0,0,0,0,0,0,0,0,0,0,0,0,0,0,0,0,0,0,0,0,0,0,0,0,0,0,0,0,0,0,0,0,0,0,0,0,0,0,0,0,0,0,0,1250,1750,1750,1750,1725.8065,1693.548,1693.548,1693.548,1693.548,1750,1750,1750,1750,1709.677,1693.548,1693.548,1793.548
rent_80th_and_lex,0,0,0,0,0,0,0,0,0,0,0,0,0,0,0,0,0,0,0,0,0,0,0,0,0,0,0,0,0,0,0,0,0,0,0,0,0,0,0,0,0,0,0,0,0,0,0,0,0,0,0,0,0,0,0,0,0,0,0,0,0,0,0,0,0,0,0,0,0,0,0,0,0,100
rent_88th_and_madison,0,0,0,0,0,0,0,0,0,0,0,0,0,0,0,0,0,0,0,0,0,0,0,0,0,0,0,0,0,0,0,0,0,0,0,0,0,0,0,0,0,0,0,0,0,0,0,0,0,0,0,0,0,0,0,0,0,0,0,0,0,0,0,0,0,0,0,0,0,0,0,0,0,100
rent_9th_and_3rd_ave,0,0,0,0,0,0,0,0,0,0,0,0,0,0,0,0,0,0,0,0,0,0,0,0,0,0,0,0,0,0,0,0,0,0,0,0,0,0,0,0,0,0,0,0,0,0,0,0,0,0,0,0,0,0,0,0,0,0,0,0,0,0,0,0,0,0,0,0,0,0,0,0,0,100
rent_9th_and_ave_a,0,0,0,0,0,0,0,0,0,0,0,0,0,0,0,0,0,0,0,0,0,0,0,0,0,0,0,0,0,0,0,0,0,0,0,0,0,0,0,0,0,0,0,0,0,0,0,0,0,0,0,0,0,0,0,0,0,0,0,0,0,0,0,0,0,0,0,0,0,0,0,0,0,100
rent_bedford_and_grand,0,0,0,0,0,0,0,0,0,0,0,0,0,0,0,0,0,0,0,0,0,0,0,0,0,0,0,0,0,289.2857,675,609.6774,609.6774,609.6774,609.6774,621.2903,630,630,630,624.1935,609.6774,609.6774,609.6774,609.6774,627.09677,630,630,630,618.3871,609.6774,609.6774,609.6774,609.67737,609.6774,609.6774,609.6774,609.6774,624.1935,630,630,630,621.2903,609.6774,609.6774,609.6774,609.6774,630,630,630,630,615.4839,609.6774,609.6774,709.6774
rent_bedford_and_n_7th,0,0,0,0,0,0,0,0,0,0,0,0,0,0,0,0,0,0,0,0,0,0,0,0,0,1185.484,1185.484,1312.5,1312.5,1312.5,1312.5,1185.484,1185.484,1185.484,1185.484,1208.0645,1225,1225,1225,1213.7097,1185.484,1185.484,1185.484,1185.484,1219.3548,1225,1225,1225,1202.4194,1185.484,1185.484,1185.484,1185.4838,1185.484,1185.484,1185.484,1185.484,1213.7097,1225,1225,1225,1208.0645,1185.484,1185.484,1185.484,1185.484,1225,1225,1225,1225,1196.7742,1185.484,1185.484,1285.484
rent_bergen_and_nevins,0,0,0,0,0,0,0,0,0,0,0,0,0,0,0,0,0,0,0,0,0,0,0,0,0,0,0,0,0,0,0,0,0,0,0,0,0,0,0,0,0,0,0,0,0,0,0,0,0,0,0,0,677.4193,790.3226,790.3226,790.3226,790.3226,809.1398,816.6667,816.6667,816.6667,805.9945,791.7648,791.7648,791.7648,791.7648,816.6667,816.6667,816.6667,816.6667,797.8494,790.3226,790.3226,890.3226
rent_bleecker_and_7th_ave,0,0,0,0,0,0,0,0,0,0,0,0,0,0,0,0,0,0,0,0,0,0,0,0,0,0,0,0,0,0,0,0,0,0,0,0,0,0,0,0,0,0,0,0,0,0,0,0,0,0,0,0,0,0,0,0,0,0,0,0,0,0,0,0,0,0,0,0,0,0,0,0,0,100
rent_bowery_market,0,0,0,0,0,0,0,0,0,0,0,0,0,0,0,0,0,0,0,0,0,0,0,0,0,0,0,0,0,0,0,0,0,0,0,0,0,0,0,0,0,0,0,0,0,0,0,0,0,0,0,0,0,0,0,0,0,0,0,0,0,0,0,1129.032,1129.032,1129.032,1166.667,1166.667,1166.667,1166.667,1139.7849,1129.032,1129.032,1229.032
rent_broadway_and_w_30th,0,0,0,0,0,0,0,0,0,0,0,0,0,0,0,0,0,0,0,0,0,0,0,0,0,0,0,0,0,0,0,0,0,0,0,0,0,0,0,0,0,0,0,0,0,0,0,0,0,0,0,0,0,0,0,0,0,0,0,0,0,0,0,0,0,0,0,0,0,0,0,0,0,100
rent_broadway_and_w_79th,0,0,0,0,0,0,0,0,0,0,0,0,0,0,0,0,0,0,0,0,0,0,0,0,0,0,0,0,0,0,0,0,0,0,0,0,0,0,0,0,0,0,0,0,0,0,0,0,0,0,0,0,0,0,0,0,0,0,0,0,0,0,0,0,0,0,0,0,366.6667,1283.333,1253.7635,1241.935,1241.935,1341.935
rent_brooklyn_commons,0,0,0,0,0,0,0,0,0,0,0,0,0,0,0,0,0,0,0,0,0,0,0,0,0,0,0,0,0,0,0,0,0,0,0,0,0,0,0,0,0,0,0,0,0,0,0,0,566.9139,788.5161,788.5161,788.5161,788.5162,788.5161,788.5161,788.5161,788.5161,877.1361,912.5842,912.5842,912.5842,921.3791,933.1056,933.1056,933.1056,933.1056,885.8033,885.8033,885.8033,885.8033,816.3125,788.5161,788.5161,888.5161
rent_court_and_bergen,0,0,0,0,0,0,0,0,0,0,0,0,0,0,0,0,0,0,0,0,0,0,0,0,0,0,0,0,0,0,0,0,0,0,0,0,0,0,0,0,0,0,0,0,0,0,0,0,0,0,0,0,0,0,0,0,0,0,0,0,0,0,0,1005.718,1408.005,1408.005,1278.795,1278.795,1278.795,1278.795,1050.8539,959.6774,959.6774,1059.6774
rent_grand_army_plaza,0,0,0,0,0,0,0,0,0,0,0,0,0,0,0,0,0,0,0,0,0,0,0,0,0,0,0,0,0,0,0,0,0,0,0,0,0,0,0,0,0,0,0,0,0,0,0,0,0,0,0,0,0,0,0,0,0,0,0,0,0,0,0,0,0,0,0,0,0,0,0,0,0,100
rent_jay_and_water,0,0,0,0,0,0,0,0,0,0,0,0,0,0,0,0,0,0,0,0,0,0,0,0,0,0,0,0,0,0,0,0,0,0,0,0,0,0,0,0,0,0,0,0,0,0,0,0,0,0,0,0,1016.129,1016.129,1016.129,1016.129,1016.129,1040.3226,1050,1050,1050,1035.4839,1016.129,1016.129,1016.129,1016.129,1050,1050,1050,1050,1025.8065,1016.129,1016.129,1116.129
rent_lafayette_and_spring,0,0,0,0,0,0,0,0,0,0,0,0,0,0,0,0,0,0,0,0,0,0,0,0,0,0,0,0,0,0,0,0,0,0,0,0,781.9467,781.9467,781.9467,996.6849,1533.531,1533.531,1533.531,1533.531,1689.5958,1715.607,1715.607,1715.607,1711.2342,1707.955,1707.955,1707.955,1714.99,1757.203,1757.203,1757.203,1757.203,1885.7081,1937.11,1937.11,1937.11,2067.353,2241.01,2241.01,2241.01,2241.01,2002.198,2002.198,2002.198,2002.198,1593.3957,1429.874,1429.874,1529.874
rent_lincoln_place_and_5th_ave,0,0,0,0,0,0,0,0,0,0,0,0,0,0,0,0,0,0,0,0,0,0,0,0,0,0,0,0,0,0,0,0,0,0,0,0,0,0,0,0,0,0,0,0,0,0,0,0,0,0,0,0,0,0,0,0,0,0,0,0,0,0,0,0,0,0,0,0,0,0,0,0,0,100
rent_madison_square_park,0,0,0,0,0,0,0,0,0,0,0,0,0,0,0,0,0,0,0,0,0,0,0,0,0,0,0,0,0,0,0,0,0,0,0,0,0,0,0,0,0,0,0,0,0,0,0,0,0,0,0,0,0,0,0,0,0,0,0,0,0,0,0,0,0,0,0,0,0,0,0,0,0,100
rent_mccarren_park_north,0,0,0,0,0,0,0,0,0,0,0,0,0,0,0,0,0,0,0,0,0,0,0,0,0,0,0,0,0,0,0,0,0,0,0,0,0,0,0,0,0,0,0,0,0,0,0,0,490.3226,858.0645,858.0645,858.0645,858.0645,858.0645,858.0645,858.0645,858.0645,878.4946,886.6667,886.6667,886.6667,874.4086,858.0645,858.0645,858.0645,0,886.6667,886.6667,0,0,612.9032,0,0,100
rent_mccarren_park_south,0,0,0,0,0,0,0,0,0,0,0,0,0,0,0,0,0,0,0,0,0,0,0,0,0,0,0,0,0,0,0,0,0,0,0,0,0,0,0,0,0,0,0,0,0,0,0,0,490.3226,858.0645,858.0645,858.0645,858.0645,858.0645,858.0645,858.0645,858.0645,878.4946,886.6667,886.6667,886.6667,874.4086,858.0645,858.0645,858.0645,858.0645,886.6667,886.6667,886.6667,886.6667,866.2365,858.0645,858.0645,958.0645
rent_smith_and_pacific,0,0,0,0,0,0,0,0,0,0,0,0,0,0,0,0,0,0,0,0,0,0,0,0,0,0,0,0,0,0,0,0,0,0,0,0,0,0,0,0,0,0,0,0,0,0,0,0,0,0,790.3226,790.3226,790.3226,790.3226,790.3226,790.3226,790.3226,809.1398,816.6667,816.6667,816.6667,805.3764,790.3226,790.3226,790.3226,790.3226,816.6667,816.6667,816.6667,816.6667,797.8494,790.3226,790.3226,890.3226
rent_washington_square_park,0,0,0,0,0,0,0,0,0,0,0,0,0,0,0,0,0,0,0,0,0,0,0,0,0,0,0,0,0,0,0,0,0,0,0,0,0,0,0,0,0,0,0,0,0,0,0,0,0,0,0,0,0,0,0,0,0,0,0,0,0,0,0,0,0,0,0,0,0,0,0,0,0,100
rent_wythe_diner,193.5484,677.4194,677.4194,677.4194,677.4194,696.77419,700,700,700,772.8323,827.4565,827.4565,827.4565,814.9559,739.9523,739.9523,739.9523,739.9523,686.3527,677.4194,677.4194,677.4194,677.4194,677.4194,677.4194,677.4194,677.4194,750,750,750,750,683.3328,683.3328,683.3328,683.3328,745.5569,792.225,792.225,792.225,961.8771,1386.007,1386.007,11386.01,1386.007,1038.4536,980.528,980.528,980.528,910.5828,858.1239,858.1239,858.1239,870.9215,947.7067,947.7067,947.7067,947.7067,1006.0224,1029.349,1029.349,1029.349,1734.1862,11986.47,11986.47,11986.47,11986.47,6102.513,6102.513,6102.513,6102.513,9513.161,677.4194,2427.419,2527.419
transpo_comm_13th_and_7th_ave,0,0,0,0,0,0,0,0,0,0,0,0,0,0,0,0,0,0,0,0,0,0,0,0,0,0,0,0,0,0,0,0,0,0,0,0,0,0,0,0,0,0,0,0,0,0,0,0,0,0,0,0,0,0,0,0,0,0,0,0,0,0,0,0,0,0,0,0,0,0,0,0,0,100
transpo_comm_21st_and_9th_ave,0,0,0,0,0,0,0,0,0,0,0,0,0,0,0,0,0,0,0,0,0,0,0,0,0,0,0,0,0,0,0,0,0,0,0,0,0,0,0,0,0,0,0,0,0,0,0,0,0,0,0,0,0,0,0,0,0,0,0,0,0,0,0,0,0,0,0,0,0,0,0,0,0,100
transpo_comm_5th_ave_and_lincoln_place,0,0,0,0,0,0,0,0,0,0,0,0,0,0,0,0,0,0,0,0,0,0,0,0,0,0,0,0,0,0,0,0,0,0,0,0,0,0,0,0,0,0,0,0,0,0,0,0,0,0,0,0,0,0,0,0,0,0,0,0,0,0,0,0,0,0,0,0,0,0,0,0,0,100
transpo_comm_71st_and_lex,0,0,0,0,0,0,0,0,0,0,0,0,0,0,0,0,0,0,0,0,0,0,0,0,0,0,0,0,0,0,0,0,0,0,0,0,0,0,0,0,0,0,0,0,0,0,0,0,0,0,0,0,0,0,0,0,0,0,0,0,0,0,0,0,0,0,0,0,0,0,0,0,0,100
transpo_comm_80th_and_lex,0,0,0,0,0,0,0,0,0,0,0,0,0,0,0,0,0,0,0,0,0,0,0,0,0,0,0,0,0,0,0,0,0,0,0,0,0,0,0,0,0,0,0,0,0,0,0,0,0,0,0,0,0,0,0,0,0,0,0,0,0,0,0,0,0,0,0,0,0,0,0,0,0,100
transpo_comm_88th_and_madison,0,0,0,0,0,0,0,0,0,0,0,0,0,0,0,0,0,0,0,0,0,0,0,0,0,0,0,0,0,0,0,0,0,0,0,0,0,0,0,0,0,0,0,0,0,0,0,0,0,0,0,0,0,0,0,0,0,0,0,0,0,0,0,0,0,0,0,0,0,0,0,0,0,100
transpo_comm_9th_and_3rd_ave,0,0,0,0,0,0,0,0,0,0,0,0,0,0,0,0,0,0,0,0,0,0,0,0,0,0,0,0,0,0,0,0,0,0,0,0,0,0,0,0,0,0,0,0,0,0,0,0,0,0,0,0,0,0,0,0,0,0,0,0,0,0,0,0,0,0,0,0,0,0,0,0,0,100
transpo_comm_9th_and_ave_a,0,0,0,0,0,0,0,0,0,0,0,0,0,0,0,0,0,0,0,0,0,0,0,0,0,0,0,0,0,0,0,0,0,0,0,0,0,0,0,0,0,0,0,0,0,0,0,0,0,0,0,0,0,0,0,0,0,0,0,0,0,0,0,0,0,0,0,0,0,0,0,0,0,100
transpo_comm_bedford_and_grand,0,0,0,0,0,0,0,0,0,0,0,0,0,0,0,0,0,0,0,0,0,0,0,0,0,0,0,0,0,0,0,0,0,0,0,0,0,0,0,0,0,0,0,0,0,0,0,0,0,0,0,0,0,0,0,0,0,0,0,0,0,0,0,0,0,0,0,0,0,0,0,0,0,100
transpo_comm_bedford_and_n_7th,0,0,0,0,0,0,0,0,0,0,0,0,0,0,0,0,0,0,0,0,0,0,0,0,0,0,0,0,0,0,0,0,0,0,0,0,0,0,0,0,0,0,0,0,0,0,0,0,0,0,0,0,0,0,0,0,0,0,0,0,0,0,0,0,0,0,0,0,0,0,0,0,0,100
transpo_comm_bergen_and_nevins,0,0,0,0,0,0,0,0,0,0,0,0,0,0,0,0,0,0,0,0,0,0,0,0,0,0,0,0,0,0,0,0,0,0,0,0,0,0,0,0,0,0,0,0,0,0,0,0,0,0,0,0,0,0,0,0,0,0,0,0,0,0,0,0,0,0,0,0,0,0,0,0,0,100
transpo_comm_bleecker_and_7th_ave,0,0,0,0,0,0,0,0,0,0,0,0,0,0,0,0,0,0,0,0,0,0,0,0,0,0,0,0,0,0,0,0,0,0,0,0,0,0,0,0,0,0,0,0,0,0,0,0,0,0,0,0,0,0,0,0,0,0,0,0,0,0,0,0,0,0,0,0,0,0,0,0,0,100
transpo_comm_bowery_market,0,0,0,0,0,0,0,0,0,0,0,0,0,0,0,0,0,0,0,0,0,0,0,0,0,0,0,0,0,0,0,0,0,0,0,0,0,0,0,0,0,0,0,0,0,0,0,0,0,0,0,0,0,0,0,0,0,0,0,0,0,0,0,0,0,0,0,0,0,0,0,0,0,100
transpo_comm_broadway_and_w_30th,0,0,0,0,0,0,0,0,0,0,0,0,0,0,0,0,0,0,0,0,0,0,0,0,0,0,0,0,0,0,0,0,0,0,0,0,0,0,0,0,0,0,0,0,0,0,0,0,0,0,0,0,0,0,0,0,0,0,0,0,0,0,0,0,0,0,0,0,0,0,0,0,0,100
transpo_comm_broadway_and_w_79th,0,0,0,0,0,0,0,0,0,0,0,0,0,0,0,0,0,0,0,0,0,0,0,0,0,0,0,0,0,0,0,0,0,0,0,0,0,0,0,0,0,0,0,0,0,0,0,0,0,0,0,0,0,0,0,0,0,0,0,0,0,0,0,0,0,0,0,0,0,0,0,0,0,100
transpo_comm_brooklyn_commons,0,0,0,0,0,0,0,0,0,0,0,0,0,0,0,0,0,0,0,0,0,0,0,0,0,0,0,0,0,0,0,0,0,0,0,0,0,0,0,0,0,0,0,0,0,0,0,0,0,0,0,0,0,0,0,0,0,0,0,0,0,0,0,0,0,0,0,0,0,0,0,0,0,100
transpo_comm_court_and_bergen,0,0,0,0,0,0,0,0,0,0,0,0,0,0,0,0,0,0,0,0,0,0,0,0,0,0,0,0,0,0,0,0,0,0,0,0,0,0,0,0,0,0,0,0,0,0,0,0,0,0,0,0,0,0,0,0,0,0,0,0,0,0,0,0,0,0,0,0,0,0,0,0,0,100
transpo_comm_grand_army_plaza,0,0,0,0,0,0,0,0,0,0,0,0,0,0,0,0,0,0,0,0,0,0,0,0,0,0,0,0,0,0,0,0,0,0,0,0,0,0,0,0,0,0,0,0,0,0,0,0,0,0,0,0,0,0,0,0,0,0,0,0,0,0,0,0,0,0,0,0,0,0,0,0,0,100
transpo_comm_jay_and_water,0,0,0,0,0,0,0,0,0,0,0,0,0,0,0,0,0,0,0,0,0,0,0,0,0,0,0,0,0,0,0,0,0,0,0,0,0,0,0,0,0,0,0,0,0,0,0,0,0,0,0,0,960,1260,1260,1260,1260,1275,1281,1281,1281,1272,1260,1260,1260,1260,1281,1281,1281,1281,1266,1260,1260,1360
transpo_comm_lafayette_and_spring,0,0,0,0,0,0,0,0,0,0,0,0,0,0,0,0,0,0,0,0,0,0,0,0,0,0,0,0,0,0,0,0,0,0,0,0,0,0,0,0,0,0,0,0,0,0,0,0,0,0,0,0,0,0,0,0,0,0,0,0,0,0,0,0,0,0,0,0,0,200,300,300,0,100
transpo_comm_lincoln_place_and_5th_ave,0,0,0,0,0,0,0,0,0,0,0,0,0,0,0,0,0,0,0,0,0,0,0,0,0,0,0,0,0,0,0,0,0,0,0,0,0,0,0,0,0,0,0,0,0,0,0,0,0,0,0,0,0,0,0,0,0,0,0,0,0,0,0,0,0,0,0,0,0,0,0,0,0,100
transpo_comm_madison_square_park,0,0,0,0,0,0,0,0,0,0,0,0,0,0,0,0,0,0,0,0,0,0,0,0,0,0,0,0,0,0,0,0,0,0,0,0,0,0,0,0,0,0,0,0,0,0,0,0,0,0,0,0,0,0,0,0,0,0,0,0,0,0,0,0,0,0,0,0,0,881,1266,1260,1260,1360
transpo_comm_mccarren_park_north,0,0,0,0,0,0,0,0,0,0,0,0,0,0,0,0,0,0,0,0,0,0,0,0,0,0,0,0,0,0,0,0,0,0,0,0,0,0,0,0,0,0,0,0,1098,1281,1281,1281,1269,1260,1260,1260,1260,1260,1260,1260,1260,1275,1281,1281,1281,1272,1060,960,1060,0,681,681,0,0,500,0,0,100
transpo_comm_mccarren_park_south,0,0,0,0,0,0,0,0,0,0,0,0,0,0,0,0,0,0,0,0,0,0,0,0,0,0,0,0,0,0,0,0,0,0,0,0,0,0,0,0,0,0,0,0,0,0,981,1281,1269,1260,1260,1260,1260,1260,1260,1260,1260,1275,1281,1281,1281,1272,1260,1260,1260,1260,1281,1281,1281,1281,1266,1260,1260,1360
transpo_comm_smith_and_pacific,0,0,0,0,0,0,0,0,0,0,0,0,0,0,0,0,0,0,0,0,0,0,0,0,0,0,0,0,0,0,0,0,0,0,0,0,0,0,0,0,0,0,0,0,0,0,0,0,0,0,860,1260,1260,1260,1260,1260,1260,1275,1281,1281,1281,1272,1260,1260,1260,1260,1281,1281,1281,1281,1266,1260,1260,1360
transpo_comm_washington_square_park,0,0,0,0,0,0,0,0,0,0,0,0,0,0,0,0,0,0,0,0,0,0,0,0,0,0,0,0,0,0,0,0,0,0,0,0,0,0,0,0,0,0,0,0,0,0,0,0,0,0,0,0,580,660,1060,1260,1260,1275,1281,1281,1281,1272,1260,1260,1260,1260,1281,1281,1281,1281,1266,1260,1260,1360
transpo_comm_wythe_diner,0,0,0,0,0,0,0,0,0,0,0,0,0,0,0,0,0,0,0,0,0,0,0,0,0,0,0,0,0,0,0,0,0,0,0,0,0,0,0,0,0,0,0,0,0,0,0,0,0,0,0,0,0,0,0,0,0,0,0,0,0,0,0,0,0,0,0,0,0,0,0,0,0,100
prev_net_sales_13th_and_7th_ave,0,0,0,0,0,0,0,0,0,0,0,0,0,0,0,0,0,0,0,0,0,0,0,0,0,0,0,0,0,0,0,0,0,0,0,0,0,0,0,0,0,0,0,0,0,0,0,0,0,0,0,0,0,0,0,0,0,0,0,0,0,0,0,0,0,0,0,0,0,3493,2939.5,3825.35,4815.4,10
prev_net_sales_21st_and_9th_ave,0,0,0,0,0,0,0,0,0,0,0,0,0,0,0,0,0,0,0,0,0,0,0,0,0,0,0,0,0,0,0,0,0,0,0,0,0,0,0,0,0,0,0,0,0,0,0,0,0,0,0,0,0,0,0,0,0,0,0,0,0,0,0,0,0,0,0,0,48,0,0,6455.8,6195.25,10
prev_net_sales_5th_ave_and_lincoln_place,0,0,0,0,0,0,0,0,0,0,0,0,0,0,0,0,0,0,0,0,0,0,0,0,0,0,0,0,0,0,0,0,0,0,0,0,0,0,0,0,0,0,0,0,0,0,0,0,0,0,0,0,0,0,0,0,0,0,0,0,0,0,0,0,0,0,0,0,0,0,0,0,2.5,10
prev_net_sales_71st_and_lex,0,0,0,0,0,0,0,0,0,0,0,0,0,0,0,0,0,0,0,0,0,0,0,0,0,0,0,0,0,0,0,0,0,0,0,0,0,0,0,0,0,0,0,0,0,0,0,0,0,0,0,0,0,0,0,0,0,7359.93,7044.75,7780,8133.81,9528.03,8548.41,9040.68,9187.18,10326.58,9317.96,9480.94,9661.67,8516.58,6416.33,9230.71,9746.15,10
prev_net_sales_80th_and_lex,0,0,0,0,0,0,0,0,0,0,0,0,0,0,0,0,0,0,0,0,0,0,0,0,0,0,0,0,0,0,0,0,0,0,0,0,0,0,0,0,0,0,0,0,0,0,0,0,0,0,0,0,0,0,0,0,0,0,0,0,0,0,0,0,0,0,0,0,0,0,0,4634,5923.75,10
prev_net_sales_88th_and_madison,0,0,0,0,0,0,0,0,0,0,0,0,0,0,0,0,0,0,0,0,0,0,0,0,0,0,0,0,0,0,0,0,0,0,0,0,0,0,0,0,0,0,0,0,0,0,0,0,0,0,0,0,0,0,0,0,0,0,0,0,0,0,0,0,0,0,0,0,0,0,0,7414.25,7476.5,10
prev_net_sales_9th_and_3rd_ave,0,0,0,0,0,0,0,0,0,0,0,0,0,0,0,0,0,0,0,0,0,0,0,0,0,0,0,0,0,0,0,0,0,0,0,0,0,0,0,0,0,0,0,0,0,0,0,0,0,0,0,0,0,0,0,0,0,0,0,0,0,0,0,0,0,0,2501.5,2665.85,3221.62,3383.19,2455.75,3610.3,4848.65,10
prev_net_sales_9th_and_ave_a,0,0,0,0,0,0,0,0,0,0,0,0,0,0,0,0,0,0,0,0,0,0,0,0,0,0,0,0,0,0,0,0,0,0,0,0,0,0,0,0,0,0,0,0,0,0,0,0,0,0,0,0,0,0,0,0,0,0,0,0,0,0,0,0,0,0,0,0,0,4638,3076.25,6366.5,7603.75,10
prev_net_sales_bedford_and_grand,0,0,0,0,0,0,0,0,0,0,0,0,0,0,0,0,0,0,0,0,0,0,0,0,0,0,0,0,0,0,3839.75,3354.25,3620,3462.5,3648.75,4444.54,4646.46,4910.61,5774.18,6053.36,5745.13,6000.02,6504.56,5960.13,5157.4,5172.86,6420.27,6420.56,6683.05,6387.55,5769.69,6144.06,6422,6318.39,6551.08,6615.74,5776.34,6419.32,6322.3,7234.65,6932.11,8533.73,7498.01,7213.05,7400.13,7363.83,7336.49,8080.27,7494.34,7405.72,5707.12,6558.69,6600.05,10
prev_net_sales_bedford_and_n_7th,0,0,0,0,0,0,0,0,0,0,0,0,0,0,0,0,0,0,0,0,0,0,0,0,0,0,2176.5,4202.5,4198.25,4994.75,8850.75,5545.25,5352.5,5623.5,5328,5997.75,6293,6561.5,7162.75,7250.5,6988.5,6518.75,7304,7971,6344.5,6409.25,7426.25,7892.75,8696.25,6728,6864.25,7413,7435.75,7864.25,7741,7133,6674.25,7123.75,7085,7676.75,7618.8,8951.5,7682.75,7262.75,8286,8207.25,7810.75,8381.5,8542.75,8308.25,6736,8235.25,9352,10
prev_net_sales_bergen_and_nevins,0,0,0,0,0,0,0,0,0,0,0,0,0,0,0,0,0,0,0,0,0,0,0,0,0,0,0,0,0,0,0,0,0,0,0,0,0,0,0,0,0,1979.25,4844.75,5246.39,4988.56,5386.91,5861.08,6025.13,6832.58,6043.95,5216.73,5671,5756.56,4323.53,5809.75,6188.96,6457.25,6695.17,7123.56,7443.15,7952.22,8804.33,8404.81,7883.5,7923.16,8654.36,8250.96,9062.66,8258.41,8237.97,6540.08,7992.79,8684.7,10
prev_net_sales_bleecker_and_7th_ave,0,0,0,0,0,0,0,0,0,0,0,0,0,0,0,0,0,0,0,0,0,0,0,0,0,0,0,0,0,0,0,0,0,0,0,0,0,0,0,0,0,0,0,0,0,0,0,0,0,0,0,0,0,0,0,0,0,0,0,0,0,0,0,0,0,0,0,0,0,0,2.5,5321.5,5366.25,10
prev_net_sales_bowery_market,0,0,0,0,0,0,0,0,0,0,0,0,0,0,0,0,0,0,0,0,0,0,0,0,0,0,0,0,0,0,0,0,0,0,0,0,0,0,0,0,0,0,0,0,0,0,0,0,0,0,0,0,0,0,0,0,0,0,0,0,0,0,0,0,2677.75,4032,3919.03,4804.75,4666.01,3963.44,2769.09,4067.39,4326.95,10
prev_net_sales_broadway_and_w_30th,0,0,0,0,0,0,0,0,0,0,0,0,0,0,0,0,0,0,0,0,0,0,0,0,0,0,0,0,0,0,0,0,0,0,0,0,0,0,0,0,0,0,0,0,0,0,0,0,0,0,0,0,0,0,0,0,0,0,0,0,0,0,0,0,1619.25,1030.75,1047,1069.63,1150.63,989.23,532.5,1326.51,1544.85,10
prev_net_sales_broadway_and_w_79th,0,0,0,0,0,0,0,0,0,0,0,0,0,0,0,0,0,0,0,0,0,0,0,0,0,0,0,0,0,0,0,0,0,0,0,0,0,0,0,0,0,0,0,0,0,0,0,0,0,0,0,0,0,0,0,0,0,0,0,0,0,0,0,0,0,0,3179.5,5805.5,5884.88,5493.25,4437.76,5171.68,6685.1,10
prev_net_sales_brooklyn_commons,0,0,0,0,0,0,0,0,0,0,0,0,0,0,0,0,0,0,0,0,0,0,0,0,0,0,0,0,0,0,0,0,0,0,0,0,0,0,0,0,0,0,0,0,0,0,0,0,0,2646.5,3275.75,4824.25,4027.25,4366.25,4631.25,4849,3865.38,4895,5040,6029.47,7299.4,9677.22,7949.08,7767.67,7577.58,8515.58,7805.42,8214.89,8059.56,7833.73,3797.3,7221.06,8365,10
prev_net_sales_court_and_bergen,0,0,0,0,0,0,0,0,0,0,0,0,0,0,0,0,0,0,0,0,0,0,0,0,0,0,0,0,0,0,0,0,0,0,0,0,0,0,0,0,0,0,0,0,0,0,0,0,0,0,0,0,0,0,0,0,0,2.5,11028.25,13514.5,13471.06,14447.68,13415.81,12824.21,14784.03,15260.78,14450.36,15459.93,14855.3,13783.8,11670.03,13270.06,15064.41,10
prev_net_sales_grand_army_plaza,0,0,0,0,0,0,0,0,0,0,0,0,0,0,0,0,0,0,0,0,0,0,0,0,0,0,0,0,0,0,0,0,0,0,0,0,0,0,0,0,0,0,0,0,0,0,0,0,0,0,4706.94,6088.62,6559.03,6726.84,5541.53,6442.02,5465.37,5939.97,6080.12,7100.65,7478.33,7275.78,8712.34,7602.64,8287.38,7394.29,6514.1,7966.68,7302.06,8611.27,3871.17,7002.72,6149.3,10
prev_net_sales_jay_and_water,0,0,0,0,0,0,0,0,0,0,0,0,0,0,0,0,0,0,0,0,0,0,0,0,0,0,0,0,0,0,0,0,0,0,0,0,0,0,0,0,0,0,0,0,0,0,0,0,0,0,0,0,0,3063.75,9934.06,8936.43,8829,9123,8007.5,8687.5,8511,11533.25,7688.75,9384.25,11223.25,9080.5,10183,10058,11197.75,11257.5,7736.25,10809.25,10654.75,10
prev_net_sales_lafayette_and_spring,0,0,0,0,0,0,0,0,0,0,0,0,0,0,0,0,0,0,0,0,0,0,0,0,0,0,0,0,0,0,0,0,0,0,0,0,0,3353.25,5287.47,6740.63,7504.37,7377.28,8592.58,8327.87,7398.7,8150.62,9128.39,9285.73,11437.45,8556.38,8602.99,8984.61,9557.01,9415.55,9971.56,8878.74,8934,9162.3,8779.4,10113.8,10673.3,11911.13,10656.65,11119.48,11932.14,12309.95,11978.6,12366.12,11911.84,11936.1,8386.75,12054.73,13426.75,10
prev_net_sales_lincoln_place_and_5th_ave,0,0,0,0,0,0,0,0,0,0,0,0,0,0,0,0,0,0,0,0,0,0,0,0,0,0,0,0,0,0,0,0,0,0,0,0,0,0,0,0,0,0,0,0,0,0,0,0,0,0,0,0,0,0,0,0,0,0,0,0,0,0,0,0,0,0,0,0,0,0,0,47,28,10
prev_net_sales_madison_square_park,0,0,0,0,0,0,0,0,0,0,0,0,0,0,0,0,0,0,0,0,0,0,0,0,0,0,0,0,0,0,0,0,0,0,0,0,0,0,0,0,0,0,0,0,0,0,0,0,0,0,1093.61,1233.74,1128.53,427.12,831.61,778.88,613.63,957.93,954.72,1196.53,1195.02,1295.52,1286.66,1359.21,1663.01,1394.19,1219.87,1518.43,724.44,977.82,2680,4809.64,5966,10
prev_net_sales_mccarren_park_north,0,0,0,0,0,0,0,0,0,0,0,0,0,0,0,0,0,0,0,0,0,0,0,0,0,0,0,0,0,0,0,0,0,0,0,0,0,0,0,0,0,0,0,0,0,6233.25,7151.75,7158,6256,4581.75,4966.25,4728.25,5293,6027,5435.5,5723,4896.01,6006.86,7782.28,1181,5236.45,1738.68,190.25,0,0,0,0,41,0,0,0,0,0,10
prev_net_sales_mccarren_park_south,0,0,0,0,0,0,0,0,0,0,0,0,0,0,0,0,0,0,0,0,0,0,0,0,0,0,0,0,0,0,0,0,0,0,0,0,0,0,0,0,0,0,0,0,0,0,0,4193.75,6460,4946.75,4656.25,5786.5,5623.75,6424.5,6422.25,6628,6405,7130,6578.5,9142.5,8039,9089.75,6776.5,8034,8799.82,7266.25,7357.75,8022.25,7641.2,8149.25,5096.5,7324.27,6856.75,10
prev_net_sales_smith_and_pacific,0,0,0,0,0,0,0,0,0,0,0,0,0,0,0,0,0,0,0,0,0,0,0,0,0,0,0,0,0,0,0,0,0,0,0,0,0,0,0,0,0,0,0,0,0,0,0,0,0,0,0,2099.75,4674.75,6996,6812.5,6039.5,5494.5,6600.5,5934.25,6638.75,8280.5,8039.25,2657,2912,5385.25,3741,4466,3344.75,4857.5,4360.5,6.5,4272,5344,10
prev_net_sales_washington_square_park,0,0,0,0,0,0,0,0,0,0,0,0,0,0,0,0,0,0,0,0,0,0,0,0,0,0,0,0,0,0,0,0,0,0,0,0,0,0,0,0,0,0,0,0,0,0,0,0,0,0,0,0,0,4,0,1973.48,2426.51,3251.31,3909.46,8846.57,7368.31,10119.76,5908.56,2783,5493.75,8100,7855.75,8471,7981,7545.5,3766.75,6207.5,8218.5,10
prev_net_sales_wythe_diner,0,1345.25,3406.25,3502.5,4979.5,5968.25,5190.25,4336,7523.25,9302.25,8186.5,9213,7350,8977.75,7568.75,9015.99,8565.75,7763.5,6349.75,6600.75,7650.5,7751.25,5435.75,4900.5,5975.49,6431.74,8648.75,5515.25,7095.5,6461,8243.5,5655.25,6745.25,7603.25,6425,7750.25,7143.5,7910,7950,10213.25,9601.5,9126.25,10418.5,31425.25,7117.75,9641.25,10687.5,10270.75,12310.75,8623.5,8567.75,8658.75,8807,10228.25,10631.75,10477,8892.25,9339.25,9566.5,10940.75,11028,12645.81,10899.25,29169,30545,28374.25,27686.5,16933.25,16106.75,17437.5,13523.5,25023.25,8780.75,10
open_days_13th_and_7th_ave,0,0,0,0,0,0,0,0,0,0,0,0,0,0,0,0,0,0,0,0,0,0,0,0,0,0,0,0,0,0,0,0,0,0,0,0,0,0,0,0,0,0,0,0,0,0,0,0,0,0,0,0,0,0,0,0,0,0,0,0,0,0,0,0,0,0,0,0,3,6,7,7,7,17
open_days_21st_and_9th_ave,0,0,0,0,0,0,0,0,0,0,0,0,0,0,0,0,0,0,0,0,0,0,0,0,0,0,0,0,0,0,0,0,0,0,0,0,0,0,0,0,0,0,0,0,0,0,0,0,0,0,0,0,0,0,0,0,0,0,0,0,0,0,0,0,0,0,0,0,0,0,6,7,7,17
open_days_5th_ave_and_lincoln_place,0,0,0,0,0,0,0,0,0,0,0,0,0,0,0,0,0,0,0,0,0,0,0,0,0,0,0,0,0,0,0,0,0,0,0,0,0,0,0,0,0,0,0,0,0,0,0,0,0,0,0,0,0,0,0,0,0,0,0,0,0,0,0,0,0,0,0,0,0,0,0,0,5,15
open_days_71st_and_lex,0,0,0,0,0,0,0,0,0,0,0,0,0,0,0,0,0,0,0,0,0,0,0,0,0,0,0,0,0,0,0,0,0,0,0,0,0,0,0,0,0,0,0,0,0,0,0,0,0,0,0,0,0,0,0,0,5,7,7,7,7,7,7,7,7,7,7,7,7,6,7,7,7,17
open_days_80th_and_lex,0,0,0,0,0,0,0,0,0,0,0,0,0,0,0,0,0,0,0,0,0,0,0,0,0,0,0,0,0,0,0,0,0,0,0,0,0,0,0,0,0,0,0,0,0,0,0,0,0,0,0,0,0,0,0,0,0,0,0,0,0,0,0,0,0,0,0,0,0,0,3,7,7,17
open_days_88th_and_madison,0,0,0,0,0,0,0,0,0,0,0,0,0,0,0,0,0,0,0,0,0,0,0,0,0,0,0,0,0,0,0,0,0,0,0,0,0,0,0,0,0,0,0,0,0,0,0,0,0,0,0,0,0,0,0,0,0,0,0,0,0,0,0,0,0,0,0,0,0,0,6,7,6,16
open_days_9th_and_3rd_ave,0,0,0,0,0,0,0,0,0,0,0,0,0,0,0,0,0,0,0,0,0,0,0,0,0,0,0,0,0,0,0,0,0,0,0,0,0,0,0,0,0,0,0,0,0,0,0,0,0,0,0,0,0,0,0,0,0,0,0,0,0,0,0,0,0,2,7,7,7,6,7,7,7,17
open_days_9th_and_ave_a,0,0,0,0,0,0,0,0,0,0,0,0,0,0,0,0,0,0,0,0,0,0,0,0,0,0,0,0,0,0,0,0,0,0,0,0,0,0,0,0,0,0,0,0,0,0,0,0,0,0,0,0,0,0,0,0,0,0,0,0,0,0,0,0,0,0,0,0,3,6,7,7,7,17
open_days_bedford_and_grand,0,0,0,0,0,0,0,0,0,0,0,0,0,0,0,0,0,0,0,0,0,0,0,0,0,0,0,0,0,6,7,7,7,7,7,7,7,7,7,7,7,7,7,7,7,7,7,7,7,7,7,7,7,7,7,7,7,7,7,7,7,7,7,7,7,7,7,7,7,6,7,7,7,17
open_days_bedford_and_n_7th,0,0,0,0,0,0,0,0,0,0,0,0,0,0,0,0,0,0,0,0,0,0,0,0,0,2,7,7,7,7,7,7,7,7,7,7,7,7,7,7,7,7,7,7,7,7,7,7,7,7,7,7,7,7,7,7,7,7,7,7,7,7,7,7,7,7,7,7,7,6,7,7,7,17
open_days_bergen_and_nevins,0,0,0,0,0,0,0,0,0,0,0,0,0,0,0,0,0,0,0,0,0,0,0,0,0,0,0,0,0,0,0,0,0,0,0,0,0,0,0,0,2,7,7,7,7,7,7,7,7,7,7,7,5,7,7,7,7,7,7,7,7,7,7,7,7,7,7,7,7,6,7,7,7,17
open_days_bleecker_and_7th_ave,0,0,0,0,0,0,0,0,0,0,0,0,0,0,0,0,0,0,0,0,0,0,0,0,0,0,0,0,0,0,0,0,0,0,0,0,0,0,0,0,0,0,0,0,0,0,0,0,0,0,0,0,0,0,0,0,0,0,0,0,0,0,0,0,0,0,0,0,0,0,6,7,7,17
open_days_bowery_market,0,0,0,0,0,0,0,0,0,0,0,0,0,0,0,0,0,0,0,0,0,0,0,0,0,0,0,0,0,0,0,0,0,0,0,0,0,0,0,0,0,0,0,0,0,0,0,0,0,0,0,0,0,0,0,0,0,0,0,0,0,0,0,3,7,7,7,7,7,6,7,7,7,17
open_days_broadway_and_w_30th,0,0,0,0,0,0,0,0,0,0,0,0,0,0,0,0,0,0,0,0,0,0,0,0,0,0,0,0,0,0,0,0,0,0,0,0,0,0,0,0,0,0,0,0,0,0,0,0,0,0,0,0,0,0,0,0,0,0,0,0,0,0,0,2,5,5,5,5,5,3,5,5,5,15
open_days_broadway_and_w_79th,0,0,0,0,0,0,0,0,0,0,0,0,0,0,0,0,0,0,0,0,0,0,0,0,0,0,0,0,0,0,0,0,0,0,0,0,0,0,0,0,0,0,0,0,0,0,0,0,0,0,0,0,0,0,0,0,0,0,0,0,0,0,0,0,0,2,7,7,7,6,7,7,7,17
open_days_brooklyn_commons,0,0,0,0,0,0,0,0,0,0,0,0,0,0,0,0,0,0,0,0,0,0,0,0,0,0,0,0,0,0,0,0,0,0,0,0,0,0,0,0,0,0,0,0,0,0,0,0,2,5,7,5,5,5,5,5,5,5,5,5,5,5,5,5,5,5,5,5,5,3,5,5,5,15
open_days_court_and_bergen,0,0,0,0,0,0,0,0,0,0,0,0,0,0,0,0,0,0,0,0,0,0,0,0,0,0,0,0,0,0,0,0,0,0,0,0,0,0,0,0,0,0,0,0,0,0,0,0,0,0,0,0,0,0,0,0,0,6,7,7,7,7,7,7,7,7,7,7,7,6,7,7,7,17
open_days_grand_army_plaza,0,0,0,0,0,0,0,0,0,0,0,0,0,0,0,0,0,0,0,0,0,0,0,0,0,0,0,0,0,0,0,0,0,0,0,0,0,0,0,0,0,0,0,0,0,0,0,0,0,4,7,7,7,6,7,6,6,6,7,7,6,7,7,7,6,6,7,6,7,5,7,7,7,17
open_days_jay_and_water,0,0,0,0,0,0,0,0,0,0,0,0,0,0,0,0,0,0,0,0,0,0,0,0,0,0,0,0,0,0,0,0,0,0,0,0,0,0,0,0,0,0,0,0,0,0,0,0,0,0,0,0,2,7,7,7,7,6,6,6,7,5,6,7,7,7,7,7,7,6,7,7,7,17
open_days_lafayette_and_spring,0,0,0,0,0,0,0,0,0,0,0,0,0,0,0,0,0,0,0,0,0,0,0,0,0,0,0,0,0,0,0,0,0,0,0,0,3,7,7,7,7,7,7,7,7,7,7,7,7,7,7,7,7,7,7,7,7,7,7,7,7,7,7,7,7,7,7,7,7,8,9,7,7,17
open_days_lincoln_place_and_5th_ave,0,0,0,0,0,0,0,0,0,0,0,0,0,0,0,0,0,0,0,0,0,0,0,0,0,0,0,0,0,0,0,0,0,0,0,0,0,0,0,0,0,0,0,0,0,0,0,0,0,0,0,0,0,0,0,0,0,0,0,0,0,0,0,0,0,0,0,0,0,0,0,0,0,10
open_days_madison_square_park,0,0,0,0,0,0,0,0,0,0,0,0,0,0,0,0,0,0,0,0,0,0,0,0,0,0,0,0,0,0,0,0,0,0,0,0,0,0,0,0,0,0,0,0,0,0,0,0,0,3,3,3,1,2,2,2,4,3,3,3,3,3,3,3,3,3,3,2,2,2,7,7,7,17
open_days_mccarren_park_north,0,0,0,0,0,0,0,0,0,0,0,0,0,0,0,0,0,0,0,0,0,0,0,0,0,0,0,0,0,0,0,0,0,0,0,0,0,0,0,0,0,0,0,0,5,7,7,7,7,7,7,7,7,7,7,7,7,6,1,6,3,1,0,0,0,0,0,0,0,0,0,0,0,10
open_days_mccarren_park_south,0,0,0,0,0,0,0,0,0,0,0,0,0,0,0,0,0,0,0,0,0,0,0,0,0,0,0,0,0,0,0,0,0,0,0,0,0,0,0,0,0,0,0,0,0,0,3,7,7,6,7,6,7,7,7,7,7,7,7,7,7,5,7,7,6,6,7,7,7,6,7,7,7,17
open_days_smith_and_pacific,0,0,0,0,0,0,0,0,0,0,0,0,0,0,0,0,0,0,0,0,0,0,0,0,0,0,0,0,0,0,0,0,0,0,0,0,0,0,0,0,0,0,0,0,0,0,0,0,0,0,2,7,7,7,7,7,7,7,7,7,7,3,3,6,4,5,5,6,7,0,6,7,6,16
open_days_washington_square_park,0,0,0,0,0,0,0,0,0,0,0,0,0,0,0,0,0,0,0,0,0,0,0,0,0,0,0,0,0,0,0,0,0,0,0,0,0,0,0,0,0,0,0,0,0,0,0,0,0,0,0,0,0,0,4,6,7,7,6,7,7,4,2,5,5,7,7,7,6,4,5,6,7,17
open_days_wythe_diner,2,7,7,7,7,6,4,7,7,7,7,7,7,7,7,7,7,6,7,7,7,6,7,7,7,7,7,7,7,7,7,7,7,7,7,7,7,7,7,7,7,7,7,6,7,7,7,7,7,7,7,7,7,7,7,7,7,7,7,7,7,7,7,7,6,6,6,7,7,6,7,7,7,17
prev_net_sales_30_13th_and_7th_ave,0,0,0,0,0,0,0,0,0,0,0,0,0,0,0,0,0,0,0,0,0,0,0,0,0,0,0,0,0,0,0,0,0,0,0,0,0,0,0,0,0,0,0,0,0,0,0,0,0,0,0,0,0,0,0,0,0,0,0,0,0,0,0,0,0,0,0,0,0,0,0,0,2296,10
prev_net_sales_30_21st_and_9th_ave,0,0,0,0,0,0,0,0,0,0,0,0,0,0,0,0,0,0,0,0,0,0,0,0,0,0,0,0,0,0,0,0,0,0,0,0,0,0,0,0,0,0,0,0,0,0,0,0,0,0,0,0,0,0,0,0,0,0,0,0,0,0,0,0,0,0,0,0,0,0,0,48,0,10
prev_net_sales_30_5th_ave_and_lincoln_place,0,0,0,0,0,0,0,0,0,0,0,0,0,0,0,0,0,0,0,0,0,0,0,0,0,0,0,0,0,0,0,0,0,0,0,0,0,0,0,0,0,0,0,0,0,0,0,0,0,0,0,0,0,0,0,0,0,0,0,0,0,0,0,0,0,0,0,0,0,0,0,0,0,10
prev_net_sales_30_71st_and_lex,0,0,0,0,0,0,0,0,0,0,0,0,0,0,0,0,0,0,0,0,0,0,0,0,0,0,0,0,0,0,0,0,0,0,0,0,0,0,0,0,0,0,0,0,0,0,0,0,0,0,0,0,0,0,0,0,0,0,0,0,4142.43,8566.5,6876.75,8192.25,8417.84,7257.65,8845.19,8688.93,10376.89,9528.3,10581.06,9868.37,9029.23,10
prev_net_sales_30_80th_and_lex,0,0,0,0,0,0,0,0,0,0,0,0,0,0,0,0,0,0,0,0,0,0,0,0,0,0,0,0,0,0,0,0,0,0,0,0,0,0,0,0,0,0,0,0,0,0,0,0,0,0,0,0,0,0,0,0,0,0,0,0,0,0,0,0,0,0,0,0,0,0,0,0,0,10
prev_net_sales_30_88th_and_madison,0,0,0,0,0,0,0,0,0,0,0,0,0,0,0,0,0,0,0,0,0,0,0,0,0,0,0,0,0,0,0,0,0,0,0,0,0,0,0,0,0,0,0,0,0,0,0,0,0,0,0,0,0,0,0,0,0,0,0,0,0,0,0,0,0,0,0,0,0,0,0,0,0,10
prev_net_sales_30_9th_and_3rd_ave,0,0,0,0,0,0,0,0,0,0,0,0,0,0,0,0,0,0,0,0,0,0,0,0,0,0,0,0,0,0,0,0,0,0,0,0,0,0,0,0,0,0,0,0,0,0,0,0,0,0,0,0,0,0,0,0,0,0,0,0,0,0,0,0,0,0,0,0,0,2.5,4200.25,3074.54,3351.77,10
prev_net_sales_30_9th_and_ave_a,0,0,0,0,0,0,0,0,0,0,0,0,0,0,0,0,0,0,0,0,0,0,0,0,0,0,0,0,0,0,0,0,0,0,0,0,0,0,0,0,0,0,0,0,0,0,0,0,0,0,0,0,0,0,0,0,0,0,0,0,0,0,0,0,0,0,0,0,0,0,0,0,2274.5,10
prev_net_sales_30_bedford_and_grand,0,0,0,0,0,0,0,0,0,0,0,0,0,0,0,0,0,0,0,0,0,0,0,0,0,0,0,0,0,0,0,0,0,3839.75,3354.25,1755,3685.25,3118.75,4303.25,5221,5103.15,5129.09,5772.47,5163.88,5194.32,6351.25,6072.59,6069.06,5789.41,5660.26,6822.19,5913.03,5356.38,6187.04,5440.4,6785.17,5984.87,6711.59,6566.22,6685.46,5755.72,7327.7,6458.68,7343.41,7252.59,6271.79,7492.21,7262.46,7390.41,7000.33,8589.58,8340.22,7436.72,10
prev_net_sales_30_bedford_and_n_7th,0,0,0,0,0,0,0,0,0,0,0,0,0,0,0,0,0,0,0,0,0,0,0,0,0,0,0,0,0,0,6379,4198.25,4994.75,5486.25,5545.25,2692,5604.25,4754.5,6190.25,6996.5,6637,6768.25,6663,6621,5991.5,6497.75,7905.5,7791,6869.5,7051.75,7714.5,7806.25,6143.5,6767.75,7107.25,7232.25,7653,8030.75,7312,7261.25,6583.25,8324.5,7238,7691.25,7702.3,6626.25,7786,7297,8372.5,8028.5,8944.75,8594,8944,10
prev_net_sales_30_bergen_and_nevins,0,0,0,0,0,0,0,0,0,0,0,0,0,0,0,0,0,0,0,0,0,0,0,0,0,0,0,0,0,0,0,0,0,0,0,0,0,0,0,0,0,0,0,0,0,4227.5,5217.68,5513.04,5723.81,5740.58,6190.21,6094.3,5288.48,5206.13,5435.1,5792.5,4362.81,5866.53,5985.21,6502,6347.36,8314.87,6935.4,7943.38,7882.18,6949.99,8217.81,7632.91,8656.73,8176.76,9750.46,8826.56,8478.38,10
prev_net_sales_30_bleecker_and_7th_ave,0,0,0,0,0,0,0,0,0,0,0,0,0,0,0,0,0,0,0,0,0,0,0,0,0,0,0,0,0,0,0,0,0,0,0,0,0,0,0,0,0,0,0,0,0,0,0,0,0,0,0,0,0,0,0,0,0,0,0,0,0,0,0,0,0,0,0,0,0,0,0,0,0,10
prev_net_sales_30_bowery_market,0,0,0,0,0,0,0,0,0,0,0,0,0,0,0,0,0,0,0,0,0,0,0,0,0,0,0,0,0,0,0,0,0,0,0,0,0,0,0,0,0,0,0,0,0,0,0,0,0,0,0,0,0,0,0,0,0,0,0,0,0,0,0,0,0,0,0,2.5,4472.25,4155.61,5068.92,4806.38,4366.82,10
prev_net_sales_30_broadway_and_w_30th,0,0,0,0,0,0,0,0,0,0,0,0,0,0,0,0,0,0,0,0,0,0,0,0,0,0,0,0,0,0,0,0,0,0,0,0,0,0,0,0,0,0,0,0,0,0,0,0,0,0,0,0,0,0,0,0,0,0,0,0,0,0,0,0,0,0,0,1327.25,1178.5,982.5,1278.38,1150.63,989.23,10
prev_net_sales_30_broadway_and_w_79th,0,0,0,0,0,0,0,0,0,0,0,0,0,0,0,0,0,0,0,0,0,0,0,0,0,0,0,0,0,0,0,0,0,0,0,0,0,0,0,0,0,0,0,0,0,0,0,0,0,0,0,0,0,0,0,0,0,0,0,0,0,0,0,0,0,0,0,0,0,2.5,6468.25,6269.13,5740.25,10
prev_net_sales_30_brooklyn_commons,0,0,0,0,0,0,0,0,0,0,0,0,0,0,0,0,0,0,0,0,0,0,0,0,0,0,0,0,0,0,0,0,0,0,0,0,0,0,0,0,0,0,0,0,0,0,0,0,0,0,0,0,1969.75,3410.75,3631,4901.5,4250.5,4664.75,4801,4002.75,4662.63,6126,6029.47,7299.4,8189.47,6291.9,8016.51,7399.42,8355.83,7961.42,9805.14,8059.56,7833.73,10
prev_net_sales_30_court_and_bergen,0,0,0,0,0,0,0,0,0,0,0,0,0,0,0,0,0,0,0,0,0,0,0,0,0,0,0,0,0,0,0,0,0,0,0,0,0,0,0,0,0,0,0,0,0,0,0,0,0,0,0,0,0,0,0,0,0,0,0,0,0,7569.5,12322.5,13068.48,13309.33,11144.43,13655.77,13251.57,15536.71,14032.8,17469.69,15411.44,13674.76,10
prev_net_sales_30_grand_army_plaza,0,0,0,0,0,0,0,0,0,0,0,0,0,0,0,0,0,0,0,0,0,0,0,0,0,0,0,0,0,0,0,0,0,0,0,0,0,0,0,0,0,0,0,0,0,0,0,0,0,0,0,0,0,408.23,6060.65,5963.85,6696.83,6140.27,6018.39,6562.6,4987.83,6287.24,6597.59,7321.56,7011.72,7324.51,8563.01,7678.92,7933.16,7245.02,7277.39,7592.36,8293.61,10
prev_net_sales_30_jay_and_water,0,0,0,0,0,0,0,0,0,0,0,0,0,0,0,0,0,0,0,0,0,0,0,0,0,0,0,0,0,0,0,0,0,0,0,0,0,0,0,0,0,0,0,0,0,0,0,0,0,0,0,0,0,0,0,0,4,8742.56,9574.75,9243.43,8435.5,9461,8477.25,8159.25,11117.5,7395.25,8870.75,10347.75,9506,10415.75,12014.5,10343.25,11321,10
prev_net_sales_30_lafayette_and_spring,0,0,0,0,0,0,0,0,0,0,0,0,0,0,0,0,0,0,0,0,0,0,0,0,0,0,0,0,0,0,0,0,0,0,0,0,0,0,0,0,1649.5,4528.63,6916.72,6762.12,6712.65,7988.35,8832.1,8367.89,8440.31,8801.01,9323.55,9741.42,7883.47,7909.55,9431.89,9509.49,9110.09,9677.65,9597.48,9268.25,8404.38,10359.88,9691.55,10210.74,10759.27,9226.28,11002.97,11335.89,11920.4,12168.97,13906.29,12398.55,11466.54,10
prev_net_sales_30_lincoln_place_and_5th_ave,0,0,0,0,0,0,0,0,0,0,0,0,0,0,0,0,0,0,0,0,0,0,0,0,0,0,0,0,0,0,0,0,0,0,0,0,0,0,0,0,0,0,0,0,0,0,0,0,0,0,0,0,0,0,0,0,0,0,0,0,0,0,0,0,0,0,0,0,0,0,0,0,0,10
prev_net_sales_30_madison_square_park,0,0,0,0,0,0,0,0,0,0,0,0,0,0,0,0,0,0,0,0,0,0,0,0,0,0,0,0,0,0,0,0,0,0,0,0,0,0,0,0,0,0,0,0,0,0,0,0,0,0,0,0,0,0,1093.61,1233.74,1128.53,427.12,831.61,778.88,765.59,1088.53,989.47,1236.47,1194.13,939.16,1286.66,1359.21,1663.01,1394.19,1560.7,1372.09,859.52,10
prev_net_sales_30_mccarren_park_north,0,0,0,0,0,0,0,0,0,0,0,0,0,0,0,0,0,0,0,0,0,0,0,0,0,0,0,0,0,0,0,0,0,0,0,0,0,0,0,0,0,0,0,0,0,0,0,0,3722,6702,7453.75,6340.75,4875.25,5050.5,4665.5,4916,5275.25,6156.5,5536,5641.75,4930.56,8697.06,3457.03,2814.7,4160.43,0,190.25,0,0,0,41,0,0,10
prev_net_sales_30_mccarren_park_south,0,0,0,0,0,0,0,0,0,0,0,0,0,0,0,0,0,0,0,0,0,0,0,0,0,0,0,0,0,0,0,0,0,0,0,0,0,0,0,0,0,0,0,0,0,0,0,0,0,0,2274.5,6095.25,4958.5,4122.75,5623.5,5263.75,6230,6598.25,6690.75,6665,6516.5,7887.5,7634.75,9037.75,8004,6953.75,7746.5,7942.5,7949.07,7051.75,9624.25,7581,8106.7,10
prev_net_sales_30_smith_and_pacific,0,0,0,0,0,0,0,0,0,0,0,0,0,0,0,0,0,0,0,0,0,0,0,0,0,0,0,0,0,0,0,0,0,0,0,0,0,0,0,0,0,0,0,0,0,0,0,0,0,0,0,0,0,0,0,4390.5,5751.25,7197.25,6189,6066,5397.25,7204.75,5994,8136.5,8505.75,5435,0,6000.5,2916.75,4473,4909,4215,5253.25,10
prev_net_sales_30_washington_square_park,0,0,0,0,0,0,0,0,0,0,0,0,0,0,0,0,0,0,0,0,0,0,0,0,0,0,0,0,0,0,0,0,0,0,0,0,0,0,0,0,0,0,0,0,0,0,0,0,0,0,0,0,0,0,0,0,4,0,1112.5,2508.48,2818.98,4349.05,5309.25,10417.7,8663.94,5872.31,2990,5738.25,7343,7538.5,9132.25,8239,7827.75,10
prev_net_sales_30_wythe_diner,0,0,0,0,0,2758,3757.5,4141.5,5605.75,7114.5,2558,7673,7969.5,6897.25,8677,8047,8168.25,8626.5,9197,8689.99,8172.75,6230.25,5613.75,7047.75,7956,7943,3790.25,5169.24,5974.24,9346,8466,7095.5,6461,5202.25,5655.25,3301.5,7042,6213.75,8321,8114.75,8247.5,7064.5,9079,9240.5,8162,9581.5,31352.25,9610.5,9390.5,10288,10659.75,10474.75,8516.25,8332.75,8605,8377.25,9629.5,10575.25,10504.5,10190.75,8543,11031.75,10289.75,10855,11102,9452.06,29580.5,29439,29059.25,29253.25,17399.25,16117.5,17710.5,10
prev_net_sales_365_13th_and_7th_ave,0,0,0,0,0,0,0,0,0,0,0,0,0,0,0,0,0,0,0,0,0,0,0,0,0,0,0,0,0,0,0,0,0,0,0,0,0,0,0,0,0,0,0,0,0,0,0,0,0,0,0,0,0,0,0,0,0,0,0,0,0,0,0,0,0,0,0,0,0,0,0,0,0,10
prev_net_sales_365_21st_and_9th_ave,0,0,0,0,0,0,0,0,0,0,0,0,0,0,0,0,0,0,0,0,0,0,0,0,0,0,0,0,0,0,0,0,0,0,0,0,0,0,0,0,0,0,0,0,0,0,0,0,0,0,0,0,0,0,0,0,0,0,0,0,0,0,0,0,0,0,0,0,0,0,0,0,0,10
prev_net_sales_365_5th_ave_and_lincoln_place,0,0,0,0,0,0,0,0,0,0,0,0,0,0,0,0,0,0,0,0,0,0,0,0,0,0,0,0,0,0,0,0,0,0,0,0,0,0,0,0,0,0,0,0,0,0,0,0,0,0,0,0,0,0,0,0,0,0,0,0,0,0,0,0,0,0,0,0,0,0,0,0,0,10
prev_net_sales_365_71st_and_lex,0,0,0,0,0,0,0,0,0,0,0,0,0,0,0,0,0,0,0,0,0,0,0,0,0,0,0,0,0,0,0,0,0,0,0,0,0,0,0,0,0,0,0,0,0,0,0,0,0,0,0,0,0,0,0,0,0,0,0,0,0,0,0,0,0,0,0,0,0,0,0,0,0,10
prev_net_sales_365_80th_and_lex,0,0,0,0,0,0,0,0,0,0,0,0,0,0,0,0,0,0,0,0,0,0,0,0,0,0,0,0,0,0,0,0,0,0,0,0,0,0,0,0,0,0,0,0,0,0,0,0,0,0,0,0,0,0,0,0,0,0,0,0,0,0,0,0,0,0,0,0,0,0,0,0,0,10
prev_net_sales_365_88th_and_madison,0,0,0,0,0,0,0,0,0,0,0,0,0,0,0,0,0,0,0,0,0,0,0,0,0,0,0,0,0,0,0,0,0,0,0,0,0,0,0,0,0,0,0,0,0,0,0,0,0,0,0,0,0,0,0,0,0,0,0,0,0,0,0,0,0,0,0,0,0,0,0,0,0,10
prev_net_sales_365_9th_and_3rd_ave,0,0,0,0,0,0,0,0,0,0,0,0,0,0,0,0,0,0,0,0,0,0,0,0,0,0,0,0,0,0,0,0,0,0,0,0,0,0,0,0,0,0,0,0,0,0,0,0,0,0,0,0,0,0,0,0,0,0,0,0,0,0,0,0,0,0,0,0,0,0,0,0,0,10
prev_net_sales_365_9th_and_ave_a,0,0,0,0,0,0,0,0,0,0,0,0,0,0,0,0,0,0,0,0,0,0,0,0,0,0,0,0,0,0,0,0,0,0,0,0,0,0,0,0,0,0,0,0,0,0,0,0,0,0,0,0,0,0,0,0,0,0,0,0,0,0,0,0,0,0,0,0,0,0,0,0,0,10
prev_net_sales_365_bedford_and_grand,0,0,0,0,0,0,0,0,0,0,0,0,0,0,0,0,0,0,0,0,0,0,0,0,0,0,0,0,0,0,0,0,0,0,0,0,0,0,0,0,0,0,0,0,0,0,0,0,0,0,0,0,0,0,0,0,0,0,0,0,0,0,0,0,0,0,0,0,0,0,0,0,0,10
prev_net_sales_365_bedford_and_n_7th,0,0,0,0,0,0,0,0,0,0,0,0,0,0,0,0,0,0,0,0,0,0,0,0,0,0,0,0,0,0,0,0,0,0,0,0,0,0,0,0,0,0,0,0,0,0,0,0,0,0,0,0,0,0,0,0,0,0,0,0,0,0,0,0,0,0,0,0,0,0,0,0,0,10
prev_net_sales_365_bergen_and_nevins,0,0,0,0,0,0,0,0,0,0,0,0,0,0,0,0,0,0,0,0,0,0,0,0,0,0,0,0,0,0,0,0,0,0,0,0,0,0,0,0,0,0,0,0,0,0,0,0,0,0,0,0,0,0,0,0,0,0,0,0,0,0,0,0,0,0,0,0,0,0,0,0,0,10
prev_net_sales_365_bleecker_and_7th_ave,0,0,0,0,0,0,0,0,0,0,0,0,0,0,0,0,0,0,0,0,0,0,0,0,0,0,0,0,0,0,0,0,0,0,0,0,0,0,0,0,0,0,0,0,0,0,0,0,0,0,0,0,0,0,0,0,0,0,0,0,0,0,0,0,0,0,0,0,0,0,0,0,0,10
prev_net_sales_365_bowery_market,0,0,0,0,0,0,0,0,0,0,0,0,0,0,0,0,0,0,0,0,0,0,0,0,0,0,0,0,0,0,0,0,0,0,0,0,0,0,0,0,0,0,0,0,0,0,0,0,0,0,0,0,0,0,0,0,0,0,0,0,0,0,0,0,0,0,0,0,0,0,0,0,0,10
prev_net_sales_365_broadway_and_w_30th,0,0,0,0,0,0,0,0,0,0,0,0,0,0,0,0,0,0,0,0,0,0,0,0,0,0,0,0,0,0,0,0,0,0,0,0,0,0,0,0,0,0,0,0,0,0,0,0,0,0,0,0,0,0,0,0,0,0,0,0,0,0,0,0,0,0,0,0,0,0,0,0,0,10
prev_net_sales_365_broadway_and_w_79th,0,0,0,0,0,0,0,0,0,0,0,0,0,0,0,0,0,0,0,0,0,0,0,0,0,0,0,0,0,0,0,0,0,0,0,0,0,0,0,0,0,0,0,0,0,0,0,0,0,0,0,0,0,0,0,0,0,0,0,0,0,0,0,0,0,0,0,0,0,0,0,0,0,10
prev_net_sales_365_brooklyn_commons,0,0,0,0,0,0,0,0,0,0,0,0,0,0,0,0,0,0,0,0,0,0,0,0,0,0,0,0,0,0,0,0,0,0,0,0,0,0,0,0,0,0,0,0,0,0,0,0,0,0,0,0,0,0,0,0,0,0,0,0,0,0,0,0,0,0,0,0,0,0,0,0,0,10
prev_net_sales_365_court_and_bergen,0,0,0,0,0,0,0,0,0,0,0,0,0,0,0,0,0,0,0,0,0,0,0,0,0,0,0,0,0,0,0,0,0,0,0,0,0,0,0,0,0,0,0,0,0,0,0,0,0,0,0,0,0,0,0,0,0,0,0,0,0,0,0,0,0,0,0,0,0,0,0,0,0,10
prev_net_sales_365_grand_army_plaza,0,0,0,0,0,0,0,0,0,0,0,0,0,0,0,0,0,0,0,0,0,0,0,0,0,0,0,0,0,0,0,0,0,0,0,0,0,0,0,0,0,0,0,0,0,0,0,0,0,0,0,0,0,0,0,0,0,0,0,0,0,0,0,0,0,0,0,0,0,0,0,0,0,10
prev_net_sales_365_jay_and_water,0,0,0,0,0,0,0,0,0,0,0,0,0,0,0,0,0,0,0,0,0,0,0,0,0,0,0,0,0,0,0,0,0,0,0,0,0,0,0,0,0,0,0,0,0,0,0,0,0,0,0,0,0,0,0,0,0,0,0,0,0,0,0,0,0,0,0,0,0,0,0,0,0,10
prev_net_sales_365_lafayette_and_spring,0,0,0,0,0,0,0,0,0,0,0,0,0,0,0,0,0,0,0,0,0,0,0,0,0,0,0,0,0,0,0,0,0,0,0,0,0,0,0,0,0,0,0,0,0,0,0,0,0,0,0,0,0,0,0,0,0,0,0,0,0,0,0,0,0,0,0,0,0,0,0,0,0,10
prev_net_sales_365_lincoln_place_and_5th_ave,0,0,0,0,0,0,0,0,0,0,0,0,0,0,0,0,0,0,0,0,0,0,0,0,0,0,0,0,0,0,0,0,0,0,0,0,0,0,0,0,0,0,0,0,0,0,0,0,0,0,0,0,0,0,0,0,0,0,0,0,0,0,0,0,0,0,0,0,0,0,0,0,0,10
prev_net_sales_365_madison_square_park,0,0,0,0,0,0,0,0,0,0,0,0,0,0,0,0,0,0,0,0,0,0,0,0,0,0,0,0,0,0,0,0,0,0,0,0,0,0,0,0,0,0,0,0,0,0,0,0,0,0,0,0,0,0,0,0,0,0,0,0,0,0,0,0,0,0,0,0,0,0,0,0,0,10
prev_net_sales_365_mccarren_park_north,0,0,0,0,0,0,0,0,0,0,0,0,0,0,0,0,0,0,0,0,0,0,0,0,0,0,0,0,0,0,0,0,0,0,0,0,0,0,0,0,0,0,0,0,0,0,0,0,0,0,0,0,0,0,0,0,0,0,0,0,0,0,0,0,0,0,0,0,0,0,0,0,0,10
prev_net_sales_365_mccarren_park_south,0,0,0,0,0,0,0,0,0,0,0,0,0,0,0,0,0,0,0,0,0,0,0,0,0,0,0,0,0,0,0,0,0,0,0,0,0,0,0,0,0,0,0,0,0,0,0,0,0,0,0,0,0,0,0,0,0,0,0,0,0,0,0,0,0,0,0,0,0,0,0,0,0,10
prev_net_sales_365_smith_and_pacific,0,0,0,0,0,0,0,0,0,0,0,0,0,0,0,0,0,0,0,0,0,0,0,0,0,0,0,0,0,0,0,0,0,0,0,0,0,0,0,0,0,0,0,0,0,0,0,0,0,0,0,0,0,0,0,0,0,0,0,0,0,0,0,0,0,0,0,0,0,0,0,0,0,10
prev_net_sales_365_washington_square_park,0,0,0,0,0,0,0,0,0,0,0,0,0,0,0,0,0,0,0,0,0,0,0,0,0,0,0,0,0,0,0,0,0,0,0,0,0,0,0,0,0,0,0,0,0,0,0,0,0,0,0,0,0,0,0,0,0,0,0,0,0,0,0,0,0,0,0,0,0,0,0,0,0,10
prev_net_sales_365_wythe_diner,0,0,0,0,0,0,0,0,0,0,0,0,0,0,0,0,0,0,0,0,0,0,0,0,0,0,0,0,0,0,0,0,0,0,0,0,0,0,0,0,0,0,0,0,0,0,0,0,0,0,0,0,836.75,3248.75,3706.25,4535.25,5626.25,6410,3087.75,7540.75,8051,9263.5,8963,7481.25,9051,8090.5,8162.49,8880,7841.75,5777.25,6935.5,7651.25,8258.25,10
app_gross_sales_13th_and_7th_ave,0,0,0,0,0,0,0,0,0,0,0,0,0,0,0,0,0,0,0,0,0,0,0,0,0,0,0,0,0,0,0,0,0,0,0,0,0,0,0,0,0,0,0,0,0,0,0,0,0,0,0,0,0,0,0,0,0,0,0,0,0,0,0,0,0,0,0,0,172.25,266.25,508.1,793.4,1088.7,10
app_gross_sales_21st_and_9th_ave,0,0,0,0,0,0,0,0,0,0,0,0,0,0,0,0,0,0,0,0,0,0,0,0,0,0,0,0,0,0,0,0,0,0,0,0,0,0,0,0,0,0,0,0,0,0,0,0,0,0,0,0,0,0,0,0,0,0,0,0,0,0,0,0,0,0,0,2.5,0,0,575,1022,1302.35,10
app_gross_sales_5th_ave_and_lincoln_place,0,0,0,0,0,0,0,0,0,0,0,0,0,0,0,0,0,0,0,0,0,0,0,0,0,0,0,0,0,0,0,0,0,0,0,0,0,0,0,0,0,0,0,0,0,0,0,0,0,0,0,0,0,0,0,0,0,0,0,0,0,0,0,0,0,0,0,0,0,0,0,2.5,482.75,10
app_gross_sales_71st_and_lex,0,0,0,0,0,0,0,0,0,0,0,0,0,0,0,0,0,0,0,0,0,0,0,0,0,0,0,0,0,0,0,0,0,0,0,0,0,0,0,0,0,0,0,0,0,0,0,0,0,0,0,0,0,0,0,0,1285.18,699.5,997.25,1138.81,1253.28,1307.16,1401.93,1260.18,1590.08,1616.17,1647.69,1572.92,1321.58,558.83,1177.71,1448.4,1808,10
app_gross_sales_80th_and_lex,0,0,0,0,0,0,0,0,0,0,0,0,0,0,0,0,0,0,0,0,0,0,0,0,0,0,0,0,0,0,0,0,0,0,0,0,0,0,0,0,0,0,0,0,0,0,0,0,0,0,0,0,0,0,0,0,0,0,0,0,0,0,0,0,0,0,0,0,0,0,444.5,541,938.5,10
app_gross_sales_88th_and_madison,0,0,0,0,0,0,0,0,0,0,0,0,0,0,0,0,0,0,0,0,0,0,0,0,0,0,0,0,0,0,0,0,0,0,0,0,0,0,0,0,0,0,0,0,0,0,0,0,0,0,0,0,0,0,0,0,0,0,0,0,0,0,0,0,0,0,0,0,0,0,627.25,529.5,696,10
app_gross_sales_9th_and_3rd_ave,0,0,0,0,0,0,0,0,0,0,0,0,0,0,0,0,0,0,0,0,0,0,0,0,0,0,0,0,0,0,0,0,0,0,0,0,0,0,0,0,0,0,0,0,0,0,0,0,0,0,0,0,0,0,0,0,0,0,0,0,0,0,0,0,0,83.5,624.85,763.37,646.69,446.75,632.8,826.4,1594.1,10
app_gross_sales_9th_and_ave_a,0,0,0,0,0,0,0,0,0,0,0,0,0,0,0,0,0,0,0,0,0,0,0,0,0,0,0,0,0,0,0,0,0,0,0,0,0,0,0,0,0,0,0,0,0,0,0,0,0,0,0,0,0,0,0,0,0,0,0,0,0,0,0,0,0,0,0,0,322,370,788.5,1023.25,1355.25,10
app_gross_sales_bedford_and_grand,0,0,0,0,0,0,0,0,0,0,0,0,0,0,0,0,0,0,0,0,0,0,0,0,0,0,0,0,0,652.75,619.25,728.25,573.25,583.25,865.79,744.21,967.86,1196.43,1184.86,977.13,903.27,910.06,994.88,1313.15,1162.86,1197.02,1345.56,1432.53,1445.05,1295.19,1335.06,1328,1144.64,1138.83,1404.74,1287.34,1449.32,982.8,1384.9,1398.86,1212.81,1567.51,1467.05,1331.88,1427.08,1457.74,1578.02,1520.84,1304.97,728.49,1068.94,1158.3,1409.3,10
app_gross_sales_bedford_and_n_7th,0,0,0,0,0,0,0,0,0,0,0,0,0,0,0,0,0,0,0,0,0,0,0,0,0,197.25,596,702.75,797,1139.5,1076.5,1077.25,1017,836.25,883.75,828.5,1156,1102,1107.5,1025.75,1019.25,1089.75,1039.5,1098.25,1024,1078.5,1291,1296.75,1162.5,958.25,1132.5,1114,1153.75,1025.75,952.5,792,1046.75,1120,1059.5,1039.25,1107,1311,1041.75,1167.75,1225,1144.75,1308.25,1299.25,1193.25,862.75,1225.25,1558.5,1979,10
app_gross_sales_bergen_and_nevins,0,0,0,0,0,0,0,0,0,0,0,0,0,0,0,0,0,0,0,0,0,0,0,0,0,0,0,0,0,0,0,0,0,0,0,0,0,0,0,0,125.75,475.5,639.64,567.06,358.91,567.58,621.13,647.33,706.45,721.73,612,791.06,620.78,725.5,861.71,891.25,939.92,1018.56,1050.56,1314.97,1140.08,1371.81,1334.75,1441.66,1517.11,1382.96,1309.66,1420.91,1322.22,974.08,1493.54,1770.2,1910.5,10
app_gross_sales_bleecker_and_7th_ave,0,0,0,0,0,0,0,0,0,0,0,0,0,0,0,0,0,0,0,0,0,0,0,0,0,0,0,0,0,0,0,0,0,0,0,0,0,0,0,0,0,0,0,0,0,0,0,0,0,0,0,0,0,0,0,0,0,0,0,0,0,0,0,0,0,0,0,0,0,2.5,487.75,638.25,690,10
app_gross_sales_bowery_market,0,0,0,0,0,0,0,0,0,0,0,0,0,0,0,0,0,0,0,0,0,0,0,0,0,0,0,0,0,0,0,0,0,0,0,0,0,0,0,0,0,0,0,0,0,0,0,0,0,0,0,0,0,0,0,0,0,0,0,0,0,0,0,189.75,413.5,394.03,373.5,311.01,211.94,189.09,321.64,488.45,665.55,10
app_gross_sales_broadway_and_w_30th,0,0,0,0,0,0,0,0,0,0,0,0,0,0,0,0,0,0,0,0,0,0,0,0,0,0,0,0,0,0,0,0,0,0,0,0,0,0,0,0,0,0,0,0,0,0,0,0,0,0,0,0,0,0,0,0,0,0,0,0,0,0,0,144.25,321.5,207.5,217.13,164.63,207.98,41.5,188.01,220.85,307.6,10
app_gross_sales_broadway_and_w_79th,0,0,0,0,0,0,0,0,0,0,0,0,0,0,0,0,0,0,0,0,0,0,0,0,0,0,0,0,0,0,0,0,0,0,0,0,0,0,0,0,0,0,0,0,0,0,0,0,0,0,0,0,0,0,0,0,0,0,0,0,0,0,0,0,0,245.25,816.75,739.63,716.25,544.01,611.93,831.35,912.5,10
app_gross_sales_brooklyn_commons,0,0,0,0,0,0,0,0,0,0,0,0,0,0,0,0,0,0,0,0,0,0,0,0,0,0,0,0,0,0,0,0,0,0,0,0,0,0,0,0,0,0,0,0,0,0,0,0,0,251.5,422.75,484.75,500.75,594.5,674.25,488.38,648.25,726.5,868.47,1146.4,1376.97,1599.58,1340.92,1551.08,2130.83,1608.67,1834.89,1853.06,1730.23,956.55,1355.81,1705.75,2358,10
app_gross_sales_court_and_bergen,0,0,0,0,0,0,0,0,0,0,0,0,0,0,0,0,0,0,0,0,0,0,0,0,0,0,0,0,0,0,0,0,0,0,0,0,0,0,0,0,0,0,0,0,0,0,0,0,0,0,0,0,0,0,0,0,2.5,574.75,983,1071.81,1187.18,1420.81,1528.46,1587.78,2063.78,1979.86,2022.18,1837.55,1751.05,1391.03,1753.65,2202.16,2781.15,10
app_gross_sales_grand_army_plaza,0,0,0,0,0,0,0,0,0,0,0,0,0,0,0,0,0,0,0,0,0,0,0,0,0,0,0,0,0,0,0,0,0,0,0,0,0,0,0,0,0,0,0,0,0,0,0,0,0,0,0,0,0,0,0,0,0,0,0,0,0,0,0,0,0,0,0,0,0,0,0,0,0,10
app_gross_sales_jay_and_water,0,0,0,0,0,0,0,0,0,0,0,0,0,0,0,0,0,0,0,0,0,0,0,0,0,0,0,0,0,0,0,0,0,0,0,0,0,0,0,0,0,0,0,0,0,0,0,0,0,0,0,0,228.25,1472.56,1433.68,1449.75,1914.25,1402.75,1547.25,1006.25,2089.25,1109.5,1815.75,1772.25,1430,1930,1578.75,1844.25,2397.25,1227.5,1989.75,2219,2706.25,10
app_gross_sales_lafayette_and_spring,0,0,0,0,0,0,0,0,0,0,0,0,0,0,0,0,0,0,0,0,0,0,0,0,0,0,0,0,0,0,0,0,0,0,0,0,392.25,1099.47,1290.63,1416.87,1442.28,1582.08,1601.87,1454.7,1557.87,1900.89,1906.23,2177.2,1826.88,1700.74,1767.11,1954.51,1989.3,1917.06,1848.99,1632,1734.55,1656.9,1985.8,2065.05,2144.45,2024.4,2066.48,2151.39,2012.95,2185.1,2176.12,2401.59,2196.1,1134.5,2283.98,2790.75,3296.85,10
app_gross_sales_lincoln_place_and_5th_ave,0,0,0,0,0,0,0,0,0,0,0,0,0,0,0,0,0,0,0,0,0,0,0,0,0,0,0,0,0,0,0,0,0,0,0,0,0,0,0,0,0,0,0,0,0,0,0,0,0,0,0,0,0,0,0,0,0,0,0,0,0,0,0,0,0,0,0,0,0,0,0,0,0,10
app_gross_sales_madison_square_park,0,0,0,0,0,0,0,0,0,0,0,0,0,0,0,0,0,0,0,0,0,0,0,0,0,0,0,0,0,0,0,0,0,0,0,0,0,0,0,0,0,0,0,0,0,0,0,0,0,0,0,0,0,0,0,0,0,0,0,0,0,0,0,0,0,0,0,0,0,93.5,168.75,161,259,10
app_gross_sales_mccarren_park_north,0,0,0,0,0,0,0,0,0,0,0,0,0,0,0,0,0,0,0,0,0,0,0,0,0,0,0,0,0,0,0,0,0,0,0,0,0,0,0,0,0,0,0,0,413.5,778.5,799.25,419.5,369.75,376,416.25,476.75,466.5,314,397,403.51,378.36,237.28,76.5,374.95,124.43,21,0,0,0,0,0,0,0,0,0,0,0,10
app_gross_sales_mccarren_park_south,0,0,0,0,0,0,0,0,0,0,0,0,0,0,0,0,0,0,0,0,0,0,0,0,0,0,0,0,0,0,0,0,0,0,0,0,0,0,0,0,0,0,0,0,0,0,366.25,868.25,746.75,744.75,705.25,566.5,775.75,846.75,846.25,813.5,897.5,786.5,1081.25,1004.25,1325.5,888,1175,1252.75,1157.75,1033.25,891.75,1088.75,1122.75,613.5,928.25,1167.75,1385.5,10
app_gross_sales_smith_and_pacific,0,0,0,0,0,0,0,0,0,0,0,0,0,0,0,0,0,0,0,0,0,0,0,0,0,0,0,0,0,0,0,0,0,0,0,0,0,0,0,0,0,0,0,0,0,0,0,0,0,0,50,728.25,958.75,795.5,810.5,844.25,1143,688.5,861.25,1105,1165.25,295.5,263.5,564.5,315.5,395.75,417.5,422.25,454.5,0,464.25,480.5,777.25,10
ROHAN1,0,0,0,0,0,0,0,0,0,0,0,0,0,0,0,0,0,0,0,0,0,0,0,0,0,0,0,0,0,0,0,0,0,0,0,0,0,0,0,0,0,0,0,0,0,0,0,0,0,0,0,0,0,0,144.23,198.51,355.31,242.71,323.32,307.81,656.51,626.06,256.25,656.25,770.25,754.25,635,435,467.25,226.25,422.25,977.25,1791.25,10
ROHAN2,0,0,0,0,0,0,0,0,0,0,0,0,0,0,267.75,624.25,773.75,510,1114.25,954.75,2465,1677.75,858.5,1186.75,1243.75,1277.5,1369.75,1264.75,1724.75,1286.25,1745.75,2159.25,1662.5,1467.5,1764,1687,1641,1696.25,1832,1832.25,1804,2485.5,2672.5,1490.25,1781.25,2221.25,2060,2071.5,1861.75,1880.5,1971.5,1638.5,1808.5,1892.75,1932,1668.75,1651,1705.25,2095.25,2006.5,2283.25,2215.5,2238.75,2398.25,1994.75,1944.5,1823.5,1395.25,1844,988.25,1880.5,2204.25,1737,10